t_s,x_m,theta_deg
0.000000000000000000e+00,0.000000000000000000e+00,0.000000000000000000e+00
2.502085070892410244e-03,0.000000000000000000e+00,0.000000000000000000e+00
5.004170141784820489e-03,0.000000000000000000e+00,0.000000000000000000e+00
7.506255212677230733e-03,0.000000000000000000e+00,0.000000000000000000e+00
1.000834028356964098e-02,0.000000000000000000e+00,0.000000000000000000e+00
1.251042535446205209e-02,0.000000000000000000e+00,0.000000000000000000e+00
1.501251042535446147e-02,0.000000000000000000e+00,0.000000000000000000e+00
1.751459549624687084e-02,0.000000000000000000e+00,0.000000000000000000e+00
2.001668056713928195e-02,0.000000000000000000e+00,0.000000000000000000e+00
2.251876563803169307e-02,0.000000000000000000e+00,0.000000000000000000e+00
2.502085070892410418e-02,0.000000000000000000e+00,0.000000000000000000e+00
2.752293577981651182e-02,0.000000000000000000e+00,0.000000000000000000e+00
3.002502085070892293e-02,0.000000000000000000e+00,0.000000000000000000e+00
3.252710592160133057e-02,0.000000000000000000e+00,0.000000000000000000e+00
3.502919099249374169e-02,0.000000000000000000e+00,0.000000000000000000e+00
3.753127606338615280e-02,0.000000000000000000e+00,0.000000000000000000e+00
4.003336113427856391e-02,0.000000000000000000e+00,0.000000000000000000e+00
4.253544620517097502e-02,0.000000000000000000e+00,0.000000000000000000e+00
4.503753127606338613e-02,0.000000000000000000e+00,0.000000000000000000e+00
4.753961634695579724e-02,0.000000000000000000e+00,0.000000000000000000e+00
5.004170141784820836e-02,0.000000000000000000e+00,0.000000000000000000e+00
5.254378648874061253e-02,0.000000000000000000e+00,0.000000000000000000e+00
5.504587155963302364e-02,0.000000000000000000e+00,0.000000000000000000e+00
5.754795663052543475e-02,0.000000000000000000e+00,0.000000000000000000e+00
6.005004170141784586e-02,0.000000000000000000e+00,0.000000000000000000e+00
6.255212677231025697e-02,0.000000000000000000e+00,0.000000000000000000e+00
6.505421184320266115e-02,0.000000000000000000e+00,0.000000000000000000e+00
6.755629691409507920e-02,0.000000000000000000e+00,0.000000000000000000e+00
7.005838198498748337e-02,0.000000000000000000e+00,0.000000000000000000e+00
7.256046705587990142e-02,0.000000000000000000e+00,0.000000000000000000e+00
7.506255212677230559e-02,0.000000000000000000e+00,0.000000000000000000e+00
7.756463719766472364e-02,0.000000000000000000e+00,0.000000000000000000e+00
8.006672226855712782e-02,0.000000000000000000e+00,0.000000000000000000e+00
8.256880733944953199e-02,0.000000000000000000e+00,0.000000000000000000e+00
8.507089241034195004e-02,0.000000000000000000e+00,0.000000000000000000e+00
8.757297748123435421e-02,0.000000000000000000e+00,0.000000000000000000e+00
9.007506255212677226e-02,0.000000000000000000e+00,0.000000000000000000e+00
9.257714762301917644e-02,0.000000000000000000e+00,0.000000000000000000e+00
9.507923269391159449e-02,0.000000000000000000e+00,0.000000000000000000e+00
9.758131776480399866e-02,0.000000000000000000e+00,0.000000000000000000e+00
1.000834028356964167e-01,0.000000000000000000e+00,0.000000000000000000e+00
1.025854879065888209e-01,0.000000000000000000e+00,0.000000000000000000e+00
1.050875729774812251e-01,0.000000000000000000e+00,0.000000000000000000e+00
1.075896580483736431e-01,0.000000000000000000e+00,0.000000000000000000e+00
1.100917431192660473e-01,0.000000000000000000e+00,0.000000000000000000e+00
1.125938281901584653e-01,0.000000000000000000e+00,0.000000000000000000e+00
1.150959132610508695e-01,0.000000000000000000e+00,0.000000000000000000e+00
1.175979983319432876e-01,0.000000000000000000e+00,0.000000000000000000e+00
1.201000834028356917e-01,0.000000000000000000e+00,0.000000000000000000e+00
1.226021684737280959e-01,0.000000000000000000e+00,0.000000000000000000e+00
1.251042535446205139e-01,0.000000000000000000e+00,0.000000000000000000e+00
1.276063386155129320e-01,0.000000000000000000e+00,0.000000000000000000e+00
1.301084236864053223e-01,0.000000000000000000e+00,0.000000000000000000e+00
1.326105087572977403e-01,0.000000000000000000e+00,0.000000000000000000e+00
1.351125938281901584e-01,0.000000000000000000e+00,0.000000000000000000e+00
1.376146788990825764e-01,0.000000000000000000e+00,0.000000000000000000e+00
1.401167639699749667e-01,0.000000000000000000e+00,0.000000000000000000e+00
1.426188490408673848e-01,0.000000000000000000e+00,0.000000000000000000e+00
1.451209341117598028e-01,0.000000000000000000e+00,0.000000000000000000e+00
1.476230191826521931e-01,0.000000000000000000e+00,0.000000000000000000e+00
1.501251042535446112e-01,0.000000000000000000e+00,0.000000000000000000e+00
1.526271893244370292e-01,0.000000000000000000e+00,0.000000000000000000e+00
1.551292743953294473e-01,0.000000000000000000e+00,0.000000000000000000e+00
1.576313594662218376e-01,0.000000000000000000e+00,0.000000000000000000e+00
1.601334445371142556e-01,0.000000000000000000e+00,0.000000000000000000e+00
1.626355296080066737e-01,0.000000000000000000e+00,0.000000000000000000e+00
1.651376146788990640e-01,0.000000000000000000e+00,0.000000000000000000e+00
1.676396997497914820e-01,0.000000000000000000e+00,0.000000000000000000e+00
1.701417848206839001e-01,0.000000000000000000e+00,0.000000000000000000e+00
1.726438698915763181e-01,0.000000000000000000e+00,0.000000000000000000e+00
1.751459549624687084e-01,0.000000000000000000e+00,0.000000000000000000e+00
1.776480400333611265e-01,0.000000000000000000e+00,0.000000000000000000e+00
1.801501251042535445e-01,0.000000000000000000e+00,0.000000000000000000e+00
1.826522101751459348e-01,0.000000000000000000e+00,0.000000000000000000e+00
1.851542952460383529e-01,0.000000000000000000e+00,0.000000000000000000e+00
1.876563803169307709e-01,0.000000000000000000e+00,0.000000000000000000e+00
1.901584653878231890e-01,0.000000000000000000e+00,0.000000000000000000e+00
1.926605504587155793e-01,0.000000000000000000e+00,0.000000000000000000e+00
1.951626355296079973e-01,0.000000000000000000e+00,0.000000000000000000e+00
1.976647206005004154e-01,0.000000000000000000e+00,0.000000000000000000e+00
2.001668056713928334e-01,0.000000000000000000e+00,0.000000000000000000e+00
2.026688907422852237e-01,0.000000000000000000e+00,0.000000000000000000e+00
2.051709758131776418e-01,0.000000000000000000e+00,0.000000000000000000e+00
2.076730608840700598e-01,0.000000000000000000e+00,0.000000000000000000e+00
2.101751459549624501e-01,0.000000000000000000e+00,0.000000000000000000e+00
2.126772310258548682e-01,0.000000000000000000e+00,0.000000000000000000e+00
2.151793160967472862e-01,0.000000000000000000e+00,0.000000000000000000e+00
2.176814011676397043e-01,0.000000000000000000e+00,0.000000000000000000e+00
2.201834862385320946e-01,0.000000000000000000e+00,0.000000000000000000e+00
2.226855713094245126e-01,0.000000000000000000e+00,0.000000000000000000e+00
2.251876563803169307e-01,0.000000000000000000e+00,0.000000000000000000e+00
2.276897414512093210e-01,0.000000000000000000e+00,0.000000000000000000e+00
2.301918265221017390e-01,0.000000000000000000e+00,0.000000000000000000e+00
2.326939115929941571e-01,0.000000000000000000e+00,0.000000000000000000e+00
2.351959966638865751e-01,0.000000000000000000e+00,0.000000000000000000e+00
2.376980817347789654e-01,0.000000000000000000e+00,0.000000000000000000e+00
2.402001668056713835e-01,0.000000000000000000e+00,0.000000000000000000e+00
2.427022518765638015e-01,0.000000000000000000e+00,0.000000000000000000e+00
2.452043369474561918e-01,0.000000000000000000e+00,0.000000000000000000e+00
2.477064220183486098e-01,0.000000000000000000e+00,0.000000000000000000e+00
2.502085070892410279e-01,0.000000000000000000e+00,0.000000000000000000e+00
2.527105921601334182e-01,0.000000000000000000e+00,0.000000000000000000e+00
2.552126772310258640e-01,0.000000000000000000e+00,0.000000000000000000e+00
2.577147623019182543e-01,0.000000000000000000e+00,0.000000000000000000e+00
2.602168473728106446e-01,0.000000000000000000e+00,0.000000000000000000e+00
2.627189324437030904e-01,0.000000000000000000e+00,0.000000000000000000e+00
2.652210175145954807e-01,0.000000000000000000e+00,0.000000000000000000e+00
2.677231025854878710e-01,0.000000000000000000e+00,0.000000000000000000e+00
2.702251876563803168e-01,0.000000000000000000e+00,0.000000000000000000e+00
2.727272727272727071e-01,0.000000000000000000e+00,0.000000000000000000e+00
2.752293577981651529e-01,0.000000000000000000e+00,0.000000000000000000e+00
2.777314428690575432e-01,0.000000000000000000e+00,0.000000000000000000e+00
2.802335279399499335e-01,0.000000000000000000e+00,0.000000000000000000e+00
2.827356130108423793e-01,0.000000000000000000e+00,0.000000000000000000e+00
2.852376980817347696e-01,0.000000000000000000e+00,0.000000000000000000e+00
2.877397831526271599e-01,0.000000000000000000e+00,0.000000000000000000e+00
2.902418682235196057e-01,0.000000000000000000e+00,0.000000000000000000e+00
2.927439532944119960e-01,0.000000000000000000e+00,0.000000000000000000e+00
2.952460383653043863e-01,0.000000000000000000e+00,0.000000000000000000e+00
2.977481234361968321e-01,0.000000000000000000e+00,0.000000000000000000e+00
3.002502085070892224e-01,0.000000000000000000e+00,0.000000000000000000e+00
3.027522935779816127e-01,0.000000000000000000e+00,0.000000000000000000e+00
3.052543786488740585e-01,0.000000000000000000e+00,0.000000000000000000e+00
3.077564637197664488e-01,0.000000000000000000e+00,0.000000000000000000e+00
3.102585487906588946e-01,0.000000000000000000e+00,0.000000000000000000e+00
3.127606338615512849e-01,0.000000000000000000e+00,0.000000000000000000e+00
3.152627189324436752e-01,0.000000000000000000e+00,0.000000000000000000e+00
3.177648040033361210e-01,0.000000000000000000e+00,0.000000000000000000e+00
3.202668890742285113e-01,0.000000000000000000e+00,0.000000000000000000e+00
3.227689741451209016e-01,0.000000000000000000e+00,0.000000000000000000e+00
3.252710592160133474e-01,0.000000000000000000e+00,0.000000000000000000e+00
3.277731442869057377e-01,0.000000000000000000e+00,0.000000000000000000e+00
3.302752293577981280e-01,0.000000000000000000e+00,0.000000000000000000e+00
3.327773144286905738e-01,0.000000000000000000e+00,0.000000000000000000e+00
3.352793994995829641e-01,0.000000000000000000e+00,0.000000000000000000e+00
3.377814845704754099e-01,0.000000000000000000e+00,0.000000000000000000e+00
3.402835696413678002e-01,0.000000000000000000e+00,0.000000000000000000e+00
3.427856547122601905e-01,0.000000000000000000e+00,0.000000000000000000e+00
3.452877397831526363e-01,0.000000000000000000e+00,0.000000000000000000e+00
3.477898248540450266e-01,0.000000000000000000e+00,0.000000000000000000e+00
3.502919099249374169e-01,0.000000000000000000e+00,0.000000000000000000e+00
3.527939949958298627e-01,0.000000000000000000e+00,0.000000000000000000e+00
3.552960800667222530e-01,0.000000000000000000e+00,0.000000000000000000e+00
3.577981651376146432e-01,0.000000000000000000e+00,0.000000000000000000e+00
3.603002502085070891e-01,0.000000000000000000e+00,0.000000000000000000e+00
3.628023352793994794e-01,0.000000000000000000e+00,0.000000000000000000e+00
3.653044203502918696e-01,0.000000000000000000e+00,0.000000000000000000e+00
3.678065054211843155e-01,0.000000000000000000e+00,0.000000000000000000e+00
3.703085904920767057e-01,0.000000000000000000e+00,0.000000000000000000e+00
3.728106755629691516e-01,0.000000000000000000e+00,0.000000000000000000e+00
3.753127606338615418e-01,0.000000000000000000e+00,0.000000000000000000e+00
3.778148457047539321e-01,0.000000000000000000e+00,0.000000000000000000e+00
3.803169307756463779e-01,0.000000000000000000e+00,0.000000000000000000e+00
3.828190158465387682e-01,0.000000000000000000e+00,0.000000000000000000e+00
3.853211009174311585e-01,0.000000000000000000e+00,0.000000000000000000e+00
3.878231859883236043e-01,0.000000000000000000e+00,0.000000000000000000e+00
3.903252710592159946e-01,0.000000000000000000e+00,0.000000000000000000e+00
3.928273561301083849e-01,0.000000000000000000e+00,0.000000000000000000e+00
3.953294412010008307e-01,0.000000000000000000e+00,0.000000000000000000e+00
3.978315262718932210e-01,0.000000000000000000e+00,0.000000000000000000e+00
4.003336113427856668e-01,3.780526550073720569e-11,1.664649759634907050e-02
4.028356964136780571e-01,2.303254927057305180e-08,1.393020258824002600e-01
4.053377814845704474e-01,1.524085799179421581e-07,2.581807400770491090e-01
4.078398665554628932e-01,4.791413822602599504e-07,3.733989602042500633e-01
4.103419516263552835e-01,1.091308388105077162e-06,4.850693571458344899e-01
4.128440366972476738e-01,2.074266286622956819e-06,5.933011763797775284e-01
4.153461217681401196e-01,3.510730448909681650e-06,6.982003381268971909e-01
4.178482068390325099e-01,5.480797413766247116e-06,7.998694659004073060e-01
4.203502919099249002e-01,8.062005667489981003e-06,8.984079632274831750e-01
4.228523769808173460e-01,1.132952129280989252e-05,9.939122475287710534e-01
4.253544620517097363e-01,1.535616817244652590e-05,1.086475788181915370e+00
4.278565471226021266e-01,2.021244619405827616e-05,1.176189129491032270e+00
4.303586321934945724e-01,2.596660218090591401e-05,1.263139979993239903e+00
4.328607172643869627e-01,3.268479748941334077e-05,1.347413423488908801e+00
4.353628023352794085e-01,4.043112680959889976e-05,1.429091942710898788e+00
4.378648874061717988e-01,4.926763753035762861e-05,1.508255443607775304e+00
4.403669724770641891e-01,5.925436983181543954e-05,1.584981305735928547e+00
4.428690575479566349e-01,7.044952916368994679e-05,1.659344599370000006e+00
4.453711426188490252e-01,8.290950728237638542e-05,1.731418111980072005e+00
4.478732276897414155e-01,9.668890703833008503e-05,1.801272379315234984e+00
4.503753127606338613e-01,1.118405332678038976e-04,1.868975673750034705e+00
4.528773978315262516e-01,1.284155554308360049e-04,1.934594208997306053e+00
4.553794829024186419e-01,1.464635662464736706e-04,1.998192213892274305e+00
4.578815679733110877e-01,1.660325899803883406e-04,2.059831942797610171e+00
4.603836530442034780e-01,1.871690919594120597e-04,2.119573687306978815e+00
4.628857381150958683e-01,2.099180173488343561e-04,2.177475824993943654e+00
4.653878231859883141e-01,2.343229405070508986e-04,2.233595007394169940e+00
4.678899082568807044e-01,2.604260762963060412e-04,2.287986174233184844e+00
4.703919933277731502e-01,2.882682939766780146e-04,2.340702570853865350e+00
4.728940783986655405e-01,3.178891112283005146e-04,2.391795740376521540e+00
4.753961634695579308e-01,3.493267597602505987e-04,2.441315606314292896e+00
4.778982485404503766e-01,3.826183056692428891e-04,2.489310624058251875e+00
4.804003336113427669e-01,4.177996529285815924e-04,2.535827785265172274e+00
4.829024186822351572e-01,4.549055546958395225e-04,2.580912632046935329e+00
4.854045037531276030e-01,4.939696109837508160e-04,2.624609253726564173e+00
4.879065888240199933e-01,5.350243028112384785e-04,2.666960329862454682e+00
4.904086738949123836e-01,5.781011203905763330e-04,2.708007291627592572e+00
4.929107589658048294e-01,6.232305695421054342e-04,2.747790329878641025e+00
4.954128440366972197e-01,6.704421739942614247e-04,2.786348398046458730e+00
4.979149291075896655e-01,7.197644967674061978e-04,2.823719238840717516e+00
5.004170141784820558e-01,7.712251043762214818e-04,2.859939339063767516e+00
5.029190992493745016e-01,8.248507043970788790e-04,2.895044102903483907e+00
5.054211843202668364e-01,8.806671785041948405e-04,2.929067893513752185e+00
5.079232693911592822e-01,9.386995824696457366e-04,2.962044033014476607e+00
5.104253544620517280e-01,9.989721553011335960e-04,2.994004813969103118e+00
5.129274395329440628e-01,1.061508318692242804e-03,3.024981498433843452e+00
5.154295246038365086e-01,1.126330677267102683e-03,3.055004318310305944e+00
5.179316096747289544e-01,1.193461140686032746e-03,3.084102629156121989e+00
5.204336947456212892e-01,1.262920932576830054e-03,3.112304921426014559e+00
5.229357798165137350e-01,1.334730590534780048e-03,3.139638820471802205e+00
5.254378648874061808e-01,1.408909974766986819e-03,3.166131097405874950e+00
5.279399499582985156e-01,1.485478266822215076e-03,3.191807667279252136e+00
5.304420350291909614e-01,1.564453960855951382e-03,3.216693578128483555e+00
5.329441201000834072e-01,1.645854978234885004e-03,3.240813155378277077e+00
5.354462051709757420e-01,1.729698676400397064e-03,3.264190013000792145e+00
5.379482902418681878e-01,1.816001848868572469e-03,3.286847053515645989e+00
5.404503753127606336e-01,1.904780726797257809e-03,3.308806469961830476e+00
5.429524603836529684e-01,1.996050998487246524e-03,3.330089770332400612e+00
5.454545454545454142e-01,2.089827758282099702e-03,3.350717713127433051e+00
5.479566305254378600e-01,2.186125610254838550e-03,3.370710438086133465e+00
5.504587155963303058e-01,2.284958699972258669e-03,3.390087506201877598e+00
5.529608006672226406e-01,2.386340714494924412e-03,3.408867899722208161e+00
5.554628857381150864e-01,2.490284882377184934e-03,3.427070022148838824e+00
5.579649708090075322e-01,2.596803980674440484e-03,3.444711707054113337e+00
5.604670558798998670e-01,2.705910334474396703e-03,3.461810217344529761e+00
5.629691409507923128e-01,2.817615792747360688e-03,3.478382214865502142e+00
5.654712260216847586e-01,2.931931826753259637e-03,3.494443884463812822e+00
5.679733110925770934e-01,3.048869539225045749e-03,3.510010945557555662e+00
5.704753961634695392e-01,3.168439664368710544e-03,3.525098652136137822e+00
5.729774812343619850e-01,3.290652567863256231e-03,3.539721792760276209e+00
5.754795663052543198e-01,3.415518252182177250e-03,3.553894697261575697e+00
5.779816513761467656e-01,3.543046359813305669e-03,3.567631240691755412e+00
5.804837364470392114e-01,3.673246139212194960e-03,3.580944800427420471e+00
5.829858215179315462e-01,3.806126535172912884e-03,3.593848370133193804e+00
5.854879065888239920e-01,3.941696199870631939e-03,3.606354573678845821e+00
5.879899916597164378e-01,4.079963492861593370e-03,3.618475665139287312e+00
5.904920767306087726e-01,4.220936481083125379e-03,3.630223528794573884e+00
5.929941618015012184e-01,4.364622938873807118e-03,3.641609679155296764e+00
5.954962468723936642e-01,4.511030364614585127e-03,3.652645281901278018e+00
5.979983319432859989e-01,4.660165935913968688e-03,3.663341097318105977e+00
6.005004170141784448e-01,4.812036558808385420e-03,3.673707542397561365e+00
6.030025020850708906e-01,4.966648909985804314e-03,3.683754744077498255e+00
6.055045871559632253e-01,5.124009436785752214e-03,3.693492539241844064e+00
6.080066722268556711e-01,5.284124357199335500e-03,3.702930474720606213e+00
6.105087572977481170e-01,5.446999659869201059e-03,3.712077807289866804e+00
6.130108423686405628e-01,5.612641104737110288e-03,3.720943504488001707e+00
6.155129274395328975e-01,5.781054237724440707e-03,3.729536263087704473e+00
6.180150125104253434e-01,5.952244342622926322e-03,3.737864448399089490e+00
6.205170975813177892e-01,6.126216499887406075e-03,3.745936168461055260e+00
6.230191826522101239e-01,6.302975612705051349e-03,3.753759306918114991e+00
6.255212677231025697e-01,6.482526406995386785e-03,3.761341523020403699e+00
6.280233527939950156e-01,6.664873431410242577e-03,3.768690251623670218e+00
6.305254378648873503e-01,6.850021057333779625e-03,3.775812703189284303e+00
6.330275229357797961e-01,7.037973478882512089e-03,3.782715863784231747e+00
6.355296080066722419e-01,7.228734723401488566e-03,3.789406508306698562e+00
6.380316930775645767e-01,7.422308624767067799e-03,3.795891166770613001e+00
6.405337781484570225e-01,7.618698834978991467e-03,3.802176138963787366e+00
6.430358632193494683e-01,7.817908870642204314e-03,3.808267553084843549e+00
6.455379482902418031e-01,8.019942113404530948e-03,3.814171366295128873e+00
6.480400333611342489e-01,8.224801809956709675e-03,3.819893364718723205e+00
6.505421184320266947e-01,8.432491072032333515e-03,3.825439163442435841e+00
6.530442035029190295e-01,8.643012876407871886e-03,3.830814206515803289e+00
6.555462885738114753e-01,8.856370065048753404e-03,3.836023767135289031e+00
6.580483736447039211e-01,9.072565357046700682e-03,3.841072962687595016e+00
6.605504587155962559e-01,9.291601309464853076e-03,3.845966705334939117e+00
6.630525437864887017e-01,9.513480353188314906e-03,3.850709747269542405e+00
6.655546288573811475e-01,9.738204818042788327e-03,3.855306712404743763e+00
6.680567139282734823e-01,9.965776932794608023e-03,3.859762096375005669e+00
6.705587989991659281e-01,1.019619882515076723e-02,3.864080266535907970e+00
6.730608840700583739e-01,1.042947252175886394e-02,3.868265461964153662e+00
6.755629691409508197e-01,1.066559994820713564e-02,3.872321793457565775e+00
6.780650542118431545e-01,1.090458292902444018e-02,3.876253243535086934e+00
6.805671392827356003e-01,1.114642319469006000e-02,3.880063675276983925e+00
6.830692243536280461e-01,1.139112236393009965e-02,3.883756809967591650e+00
6.855713094245203809e-01,1.163868194172716641e-02,3.887336224599073020e+00
6.880733944954128267e-01,1.188910335794206991e-02,3.890805400609105735e+00
6.905754795663052725e-01,1.214238796813156551e-02,3.894167724912702244e+00
6.930775646371976073e-01,1.239853705354838562e-02,3.897426489902203084e+00
6.955796497080900531e-01,1.265755182114126909e-02,3.900584893447284873e+00
6.980817347789824989e-01,1.291943340355490577e-02,3.903646038894954096e+00
7.005838198498748337e-01,1.318418285912995036e-02,3.906612935069548875e+00
7.030859049207672795e-01,1.345180117190307792e-02,3.909488496272740310e+00
7.055879899916597253e-01,1.372228925915895160e-02,3.912275551809998309e+00
7.080900750625520601e-01,1.399564794771904729e-02,3.914976816057126552e+00
7.105921601334445059e-01,1.427187798426555153e-02,3.917594901499179549e+00
7.130942452043369517e-01,1.455098006188914120e-02,3.920132352235699447e+00
7.155963302752292865e-01,1.483295482015566102e-02,3.922591644064804317e+00
7.180984153461217323e-01,1.511780284510616870e-02,3.924975184483194379e+00
7.206005004170141781e-01,1.540552466925685683e-02,3.927285312686146224e+00
7.231025854879065129e-01,1.569612077159908414e-02,3.929524299567515477e+00
7.256046705587989587e-01,1.598959157759942407e-02,3.931694347719738580e+00
7.281067556296914045e-01,1.628593745919957800e-02,3.933797591433828789e+00
7.306088407005837393e-01,1.658515873681897998e-02,3.935836099226704299e+00
7.331109257714761851e-01,1.688725567942978012e-02,3.937811873930467499e+00
7.356130108423686309e-01,1.719222848083780744e-02,3.939726822754898272e+00
7.381150959132610767e-01,1.750007729236475670e-02,3.941582798542524468e+00
7.406171809841534115e-01,1.781080222766218829e-02,3.943381605844936466e+00
7.431192660550458573e-01,1.812440336271157679e-02,3.945125000922785397e+00
7.456213511259383031e-01,1.844088073582423465e-02,3.946814691745783144e+00
7.481234361968306379e-01,1.876023434764135731e-02,3.948452337992702788e+00
7.506255212677230837e-01,1.908246416113404745e-02,3.950039551051379938e+00
7.531276063386155295e-01,1.940757010160325952e-02,3.951577894018708292e+00
7.556296914095078643e-01,1.973555205667981011e-02,3.953068881700645854e+00
7.581317764804003101e-01,2.006640987702590015e-02,3.954513981497724373e+00
7.606338615512927559e-01,2.040014338007661854e-02,3.955914618127528204e+00
7.631359466221850907e-01,2.073675232577742306e-02,3.957272142993959907e+00
7.656380316930775365e-01,2.107623644087810305e-02,3.958587864857397332e+00
7.681401167639699823e-01,2.141859542632072386e-02,3.959863059161608856e+00
7.706422018348623171e-01,2.176382895723966843e-02,3.961098968033756496e+00
7.731442869057547629e-01,2.211193668296167203e-02,3.962296800284393239e+00
7.756463719766472087e-01,2.246291822700575633e-02,3.963457731407461271e+00
7.781484570475395435e-01,2.281677318708324673e-02,3.964582903580297746e+00
7.806505421184319893e-01,2.317350113509783829e-02,3.965673425663629903e+00
7.831526271893244351e-01,2.353310161714549167e-02,3.966730373201575510e+00
7.856547122602167699e-01,2.389557415351448860e-02,3.967754788421644641e+00
7.881567973311092157e-01,2.426091823947182369e-02,3.968747681227757784e+00
7.906588824020016615e-01,2.462913334705720339e-02,3.969710031467312383e+00
7.931609674728939963e-01,2.500021890552578396e-02,3.970642764235188249e+00
7.956630525437864421e-01,2.537417432203446094e-02,3.971546775992318867e+00
7.981651376146788879e-01,2.575099898661504377e-02,3.972422940845490302e+00
8.006672226855713337e-01,2.613069227217432178e-02,3.973272110547335867e+00
8.031693077564636685e-01,2.651325353449403288e-02,3.974095114496341896e+00
8.056713928273561143e-01,2.689868211223093303e-02,3.974892759736839309e+00
8.081734778982485601e-01,2.728697732691667821e-02,3.975665830959015157e+00
8.106755629691408949e-01,2.767813848295791121e-02,3.976415090498901517e+00
8.131776480400333407e-01,2.807216486763626853e-02,3.977141278338381714e+00
8.156797331109257865e-01,2.846905575110831102e-02,3.977845112105189429e+00
8.181818181818181213e-01,2.886881038640556549e-02,3.978527287072907814e+00
8.206839032527105671e-01,2.927142801073785369e-02,3.979188477807626523e+00
8.231859883236030129e-01,2.967690784314604494e-02,3.979829335208159069e+00
8.256880733944953477e-01,3.008524907247235938e-02,3.980450471307878324e+00
8.281901584653877935e-01,3.049645087474512489e-02,3.981052481229903517e+00
8.306922435362802393e-01,3.091051241506646147e-02,3.981635945571614599e+00
8.331943286071725741e-01,3.132743284761231595e-02,3.982201430404650466e+00
8.356964136780650199e-01,3.174721131563254528e-02,3.982749487274910294e+00
8.381984987489574657e-01,3.216984695145078815e-02,3.983280653202550869e+00
8.407005838198498004e-01,3.259533887646450662e-02,3.983795450681991923e+00
8.432026688907422463e-01,3.302368620114508324e-02,3.984294387681911243e+00
8.457047539616346921e-01,3.345488802503767539e-02,3.984777957645244673e+00
8.482068390325270268e-01,3.388894343676127074e-02,3.985246639489189224e+00
8.507089241034194727e-01,3.432585151400877055e-02,3.985700897605202186e+00
8.532110091743119185e-01,3.476561132354684391e-02,3.986141181859000238e+00
8.557130942452042532e-01,3.520822192277409113e-02,3.986567929561253720e+00
8.582151793160966990e-01,3.565368235391109392e-02,3.986981558133600778e+00
8.607172643869891449e-01,3.610199163978349696e-02,3.987382459771387833e+00
8.632193494578814796e-01,3.655314879612216877e-02,3.987771016984176242e+00
8.657214345287739254e-01,3.700715283203254852e-02,3.988147603188932244e+00
8.682235195996663712e-01,3.746400274999456964e-02,3.988512582710023846e+00
8.707256046705588171e-01,3.792369754586272235e-02,3.988866310779221713e+00
8.732276897414511518e-01,3.838623620886601195e-02,3.989209133535696949e+00
8.757297748123435976e-01,3.885161772160803523e-02,3.989541388026023316e+00
8.782318598832360435e-01,3.931984106006686935e-02,3.989863402204177678e+00
8.807339449541283782e-01,3.979090519359513439e-02,3.990175494931538669e+00
8.832360300250208240e-01,4.026480908492004879e-02,3.990477975976884917e+00
8.857381150959132698e-01,4.074155169014329059e-02,3.990771146016400373e+00
8.882402001668056046e-01,4.122113195874109459e-02,3.991055296633669869e+00
8.907422852376980504e-01,4.170354883356428011e-02,3.991330710319678232e+00
8.932443703085904962e-01,4.218880125199832298e-02,3.991597661943399267e+00
8.957464553794828310e-01,4.267688814035824896e-02,3.991856411674597815e+00
8.982485404503752768e-01,4.316780841222356280e-02,3.992107202863987681e+00
9.007506255212677226e-01,4.366156097721099472e-02,3.992350273135210070e+00
9.032527105921600574e-01,4.415814474119752336e-02,3.992585854666917289e+00
9.057547956630525032e-01,4.465755860632043134e-02,3.992814174192770071e+00
9.082568807339449490e-01,4.515980147097718722e-02,3.993035453001443358e+00
9.107589658048372838e-01,4.566487222982548722e-02,3.993249906936621851e+00
9.132610508757297296e-01,4.617276977378335923e-02,3.993457746397000907e+00
9.157631359466221754e-01,4.668349299002898939e-02,3.993659176336289640e+00
9.182652210175145102e-01,4.719704076200081228e-02,3.993854396263206041e+00
9.207673060884069560e-01,4.771341196939758722e-02,3.994043600241480529e+00
9.232693911592994018e-01,4.823260548817823873e-02,3.994226976889854175e+00
9.257714762301917366e-01,4.875462019056193280e-02,3.994404709382078700e+00
9.282735613010841824e-01,4.927945494502815327e-02,3.994576975446918699e+00
9.307756463719766282e-01,4.980710861631654912e-02,3.994743947368148973e+00
9.332777314428690740e-01,5.033758006582057104e-02,3.994905792484831686e+00
9.357798165137614088e-01,5.087086814974080967e-02,3.995062670871354360e+00
9.382819015846538546e-01,5.140697171404535332e-02,3.995214728940688964e+00
9.407839866555463004e-01,5.194588960197613764e-02,3.995362108941677981e+00
9.432860717264386352e-01,5.248762065489621931e-02,3.995504950032710667e+00
9.457881567973310810e-01,5.303216371228986620e-02,3.995643388281719499e+00
9.482902418682235268e-01,5.357951761176243249e-02,3.995777556666183727e+00
9.507923269391158616e-01,5.412968118904039339e-02,3.995907585073127155e+00
9.532944120100083074e-01,5.468265327797144221e-02,3.996033600299119914e+00
9.557964970809007532e-01,5.523843271052434473e-02,3.996155726050277579e+00
9.582985821517930880e-01,5.579701831678898771e-02,3.996274082942258943e+00
9.608006672226855338e-01,5.635840892497649690e-02,3.996388788500271350e+00
9.633027522935779796e-01,5.692260336141904964e-02,3.996499957159064476e+00
9.658048373644703144e-01,5.748960045056995816e-02,3.996607700262935658e+00
9.683069224353627602e-01,5.805939901500375283e-02,3.996712126065725457e+00
9.708090075062552060e-01,5.863199787541603647e-02,3.996813339730822534e+00
9.733110925771475408e-01,5.920739585062353288e-02,3.996911443331159219e+00
9.758131776480399866e-01,5.978559175756420485e-02,3.997006535849212838e+00
9.783152627189324324e-01,6.036658441157748134e-02,3.997098713539452230e+00
9.808173477898247672e-01,6.095037262349655566e-02,3.997188066263253070e+00
9.833194328607172130e-01,6.153695519843139367e-02,3.997274675911049346e+00
9.858215179316096588e-01,6.212633094054157562e-02,3.997358622458588417e+00
9.883236030025019936e-01,6.271849865325133944e-02,3.997439984240686250e+00
9.908256880733944394e-01,6.331345713924961538e-02,3.997518837951226978e+00
9.933277731442868852e-01,6.391120520048991505e-02,3.997595258643162008e+00
9.958298582151793310e-01,6.451174163819040075e-02,3.997669319728511361e+00
9.983319432860716658e-01,6.511506525283382307e-02,3.997741092978360111e+00
1.000834028356964112e+00,6.572117484416768740e-02,3.997810648522864607e+00
1.003336113427856446e+00,6.633006921120399024e-02,3.997878054851247143e+00
1.005838198498749003e+00,6.694174715221955230e-02,3.997943378811796844e+00
1.008340283569641338e+00,6.755620746475557437e-02,3.998006685611872335e+00
1.010842368640533673e+00,6.817344894561809532e-02,3.998068038817898628e+00
1.013344453711426230e+00,6.879347039087779780e-02,3.998127500355369346e+00
1.015846538782318564e+00,6.941627059586980009e-02,3.998185130508844942e+00
1.018348623853210899e+00,7.004184835519405850e-02,3.998240987921954925e+00
1.020850708924103456e+00,7.067020246271515926e-02,3.998295129597395636e+00
1.023352793994995791e+00,7.130133171156212424e-02,3.998347610896931137e+00
1.025854879065888126e+00,7.193523489412882721e-02,3.998398485541391878e+00
1.028356964136780682e+00,7.257191080187952448e-02,3.998447805390116017e+00
1.030859049207673017e+00,7.321135822213237221e-02,3.998495616349674098e+00
1.033361134278565352e+00,7.385357594036567885e-02,3.998541961264993727e+00
1.035863219349457909e+00,7.449856274198349282e-02,3.998586882181291102e+00
1.038365304420350244e+00,7.514631741231575512e-02,3.998630420344483127e+00
1.040867389491242578e+00,7.579683873661863247e-02,3.998672616201180308e+00
1.043369474562135135e+00,7.645012550007435070e-02,3.998713509398694743e+00
1.045871559633027470e+00,7.710617648779101441e-02,3.998753138785035244e+00
1.048373644703919805e+00,7.776499048480298160e-02,3.998791542408906885e+00
1.050875729774812362e+00,7.842656627607062780e-02,3.998828757519715449e+00
1.053377814845704696e+00,7.909090264648026281e-02,3.998864820567562095e+00
1.055879899916597031e+00,7.975799838084436655e-02,3.998899767203247357e+00
1.058381984987489588e+00,8.042785226390151976e-02,3.998933632278268480e+00
1.060884070058381923e+00,8.110046308031618190e-02,3.998966449844822524e+00
1.063386155129274258e+00,8.177582961467903810e-02,3.998998253155801930e+00
1.065888240200166814e+00,8.245395065150681879e-02,3.999029074664798511e+00
1.068390325271059149e+00,8.313482497524214698e-02,3.999058946026102124e+00
1.070892410341951484e+00,8.381845137025387138e-02,3.999087898094700222e+00
1.073394495412844041e+00,8.450482862083694147e-02,3.999115960926276969e+00
1.075896580483736376e+00,8.519395551121210219e-02,3.999143163777216348e+00
1.078398665554628710e+00,8.588583082552639358e-02,3.999169535104598605e+00
1.080900750625521267e+00,8.658045334785310909e-02,3.999195102566543980e+00
1.083402835696413602e+00,8.727782186154445232e-02,3.999219892245055696e+00
1.085904920767305937e+00,8.797793514735637033e-02,3.999243926219421486e+00
1.088407005838198494e+00,8.868079198563762200e-02,3.999267225316732954e+00
1.090909090909090828e+00,8.938639115701620119e-02,3.999289810018281877e+00
1.093411175979983385e+00,9.009473144239978082e-02,3.999311700459555752e+00
1.095913261050875720e+00,9.080581162297512998e-02,3.999332916430239582e+00
1.098415346121768055e+00,9.151963048020866909e-02,3.999353477374213206e+00
1.100917431192660612e+00,9.223618679584617841e-02,3.999373402389555743e+00
1.103419516263552946e+00,9.295547935191270095e-02,3.999392710228541148e+00
1.105921601334445281e+00,9.367750693071281998e-02,3.999411419297643100e+00
1.108423686405337838e+00,9.440226831483056191e-02,3.999429547657529227e+00
1.110925771476230173e+00,9.512976228712917426e-02,3.999447113023065992e+00
1.113427856547122508e+00,9.585998763075147255e-02,3.999464132763316915e+00
1.115929941618015064e+00,9.659294312911968772e-02,3.999480623901539467e+00
1.118432026688907399e+00,9.732862756593525788e-02,3.999496603115191729e+00
1.120934111759799734e+00,9.806703972517924472e-02,3.999512086735927507e+00
1.123436196830692291e+00,9.880817839111208367e-02,3.999527090749596336e+00
1.125938281901584626e+00,9.955204234827343124e-02,3.999541630796245695e+00
1.128440366972476960e+00,1.002986303814825536e-01,3.999555722170120120e+00
1.130942452043369517e+00,1.010479412758381185e-01,3.999569379819660320e+00
1.133444537114261852e+00,1.017999738167179868e-01,3.999582618347505392e+00
1.135946622185154187e+00,1.025547267897796433e-01,3.999595452010489716e+00
1.138448707256046744e+00,1.033121989809599739e-01,3.999607894719644285e+00
1.140950792326939078e+00,1.040723891764750442e-01,3.999619960040198929e+00
1.143452877397831413e+00,1.048352961627568303e-01,3.999631661118687731e+00
1.145954962468723970e+00,1.056009187250356307e-01,3.999643008954095968e+00
1.148457047539616305e+00,1.063692556477290885e-01,3.999654012748503185e+00
1.150959132610508640e+00,1.071403057157115785e-01,3.999664681564823798e+00
1.153461217681401196e+00,1.079140677143054644e-01,3.999675024341298624e+00
1.155963302752293531e+00,1.086905404292808214e-01,3.999685049891493094e+00
1.158465387823185866e+00,1.094697226468558660e-01,3.999694766904301702e+00
1.160967472894078423e+00,1.102516131536967758e-01,3.999704183943940450e+00
1.163469557964970758e+00,1.110362107369174539e-01,3.999713309449952625e+00
1.165971643035863092e+00,1.118235141840799446e-01,3.999722151737207465e+00
1.168473728106755649e+00,1.126135222831942395e-01,3.999730718995901491e+00
1.170975813177647984e+00,1.134062338227180833e-01,3.999739019291554509e+00
1.173477898248540319e+00,1.142016475915573481e-01,3.999747060565011836e+00
1.175979983319432876e+00,1.149997623790658396e-01,3.999754850632446956e+00
1.178482068390325210e+00,1.158005769750451164e-01,3.999762397185356644e+00
1.180984153461217545e+00,1.166040901697448784e-01,3.999769707790565398e+00
1.183486238532110102e+00,1.174103007538627869e-01,3.999776789890221895e+00
1.185988323603002437e+00,1.182192075185442004e-01,3.999783650801800761e+00
1.188490408673894771e+00,1.190308092553826469e-01,3.999790297718103460e+00
1.190992493744787328e+00,1.198451047564196015e-01,3.999796737707255634e+00
1.193494578815679663e+00,1.206620928141442645e-01,3.999802977712710206e+00
1.195996663886571998e+00,1.214817722214939777e-01,3.999809024553244718e+00
1.198498748957464555e+00,1.223041417718540580e-01,3.999814884922961333e+00
1.201000834028356890e+00,1.231292002590574919e-01,3.999820565391291716e+00
1.203502919099249224e+00,1.239569464773855184e-01,3.999826072402988597e+00
1.206005004170141781e+00,1.247873792215671990e-01,3.999831412278134657e+00
1.208507089241034116e+00,1.256204972867794034e-01,3.999836591212134973e+00
1.211009174311926451e+00,1.264562994686471431e-01,3.999841615275721018e+00
1.213511259382819008e+00,1.272947845632146635e-01,3.999846490382609865e+00
1.216013344453711342e+00,1.281359513656880611e-01,3.999851220804520047e+00
1.218515429524603899e+00,1.289797986710518318e-01,3.999855809760068492e+00
1.221017514595496234e+00,1.298263252750304630e-01,3.999860260661395106e+00
1.223519599666388569e+00,1.306755299738629750e-01,3.999864576889305301e+00
1.226021684737281126e+00,1.315274115643027819e-01,3.999868761793263339e+00
1.228523769808173460e+00,1.323819688436173037e-01,3.999872818691397658e+00
1.231025854879065795e+00,1.332392006095886317e-01,3.999876750870496434e+00
1.233527939949958352e+00,1.340991056605130571e-01,3.999880561586012906e+00
1.236030025020850687e+00,1.349616827952010711e-01,3.999884254062059163e+00
1.238532110091743021e+00,1.358269308129776420e-01,3.999887831491411916e+00
1.241034195162635578e+00,1.366948485136821878e-01,3.999891297035507609e+00
1.243536280233527913e+00,1.375654346976680487e-01,3.999894653824446422e+00
1.246038365304420248e+00,1.384386881658032920e-01,3.999897904956989603e+00
1.248540450375312805e+00,1.393146077194702126e-01,3.999901053500560799e+00
1.251042535446205139e+00,1.401931921605651943e-01,3.999904102491245173e+00
1.253544620517097474e+00,1.410744402914992646e-01,3.999907054933791173e+00
1.256046705587990031e+00,1.419583509151977063e-01,3.999909913801606987e+00
1.258548790658882366e+00,1.428449228350999189e-01,3.999912682036765865e+00
1.261050875729774701e+00,1.437341548551598902e-01,3.999915362549999465e+00
1.263552960800667258e+00,1.446260457798458354e-01,3.999917958220704506e+00
1.266055045871559592e+00,1.455205944141402252e-01,3.999920471896938334e+00
1.268557130942451927e+00,1.464177995635399243e-01,3.999922906395419364e+00
1.271059216013344484e+00,1.473176600340562470e-01,3.999925264501531075e+00
1.273561301084236819e+00,1.482201746322145408e-01,3.999927548969315794e+00
1.276063386155129153e+00,1.491253421650547417e-01,3.999929762521479581e+00
1.278565471226021710e+00,1.500331614401311242e-01,3.999931907849389123e+00
1.281067556296914045e+00,1.509436312655119961e-01,3.999933987613074393e+00
1.283569641367806380e+00,1.518567504497802811e-01,3.999936004441227766e+00
1.286071726438698937e+00,1.527725178020332142e-01,3.999937960931200909e+00
1.288573811509591271e+00,1.536909321318821187e-01,3.999939859649010554e+00
1.291075896580483606e+00,1.546119922494529064e-01,3.999941703129334947e+00
1.293577981651376163e+00,1.555356969653857724e-01,3.999943493875512068e+00
1.296080066722268498e+00,1.564620450905268023e-01,3.999945234020612528e+00
1.298582151793160833e+00,1.573910354347891338e-01,3.999946923978669577e+00
1.301084236864053389e+00,1.583226668091637368e-01,3.999948564634955517e+00
1.303586321934945724e+00,1.592569380252854827e-01,3.999950156993315797e+00
1.306088407005838059e+00,1.601938478953195966e-01,3.999951702057178426e+00
1.308590492076730616e+00,1.611333952319613516e-01,3.999953200829558408e+00
1.311092577147622951e+00,1.620755788484359028e-01,3.999954654313052416e+00
1.313594662218515285e+00,1.630203975584987308e-01,3.999956063509841897e+00
1.316096747289407842e+00,1.639678501764354479e-01,3.999957429421692634e+00
1.318598832360300177e+00,1.649179355170614092e-01,3.999958753049953852e+00
1.321100917431192512e+00,1.658706523957224344e-01,3.999960035395559999e+00
1.323603002502085069e+00,1.668259996282943081e-01,3.999961277459028075e+00
1.326105087572977403e+00,1.677839760311827522e-01,3.999962480240461193e+00
1.328607172643869738e+00,1.687445804213238143e-01,3.999963644739543689e+00
1.331109257714762295e+00,1.697078116161835903e-01,3.999964771955545118e+00
1.333611342785654630e+00,1.706736684337580301e-01,3.999965862887321588e+00
1.336113427856546965e+00,1.716421496925734647e-01,3.999966918533309101e+00
1.338615512927439521e+00,1.726132542116862456e-01,3.999967939891530211e+00
1.341117597998331856e+00,1.735869808106826617e-01,3.999968927959591358e+00
1.343619683069224191e+00,1.745633283096792443e-01,3.999969883734682874e+00
1.346121768140116748e+00,1.755422955293226839e-01,3.999970808213578977e+00
1.348623853211009083e+00,1.765238812907894694e-01,3.999971702392637329e+00
1.351125938281901639e+00,1.775080844157865267e-01,3.999972567267801260e+00
1.353628023352793974e+00,1.784949037265505523e-01,3.999973403834596652e+00
1.356130108423686309e+00,1.794843380458485960e-01,3.999974213088133723e+00
1.358632193494578866e+00,1.804763861969777561e-01,3.999974996023107465e+00
1.361134278565471201e+00,1.814710470037649848e-01,3.999975753633795872e+00
1.363636363636363535e+00,1.824683192905676155e-01,3.999976486914062157e+00
1.366138448707256092e+00,1.834682018822730021e-01,3.999977196857352979e+00
1.368640533778148427e+00,1.844706936042983803e-01,3.999977884456698884e+00
1.371142618849040762e+00,1.854757932825913669e-01,3.999978550704714753e+00
1.373644703919933319e+00,1.864834997436295716e-01,3.999979196593598907e+00
1.376146788990825653e+00,1.874938118144205412e-01,3.999979823115135336e+00
1.378648874061717988e+00,1.885067283225021206e-01,3.999980431260689695e+00
1.381150959132610545e+00,1.895222480959422029e-01,3.999981022021214194e+00
1.383653044203502880e+00,1.905403699633386183e-01,3.999981596387243155e+00
1.386155129274395215e+00,1.915610927538194674e-01,3.999982155348896562e+00
1.388657214345287771e+00,1.925844152970429546e-01,3.999982699895876959e+00
1.391159299416180106e+00,1.936103364231930302e-01,3.999983231013546803e+00
1.393661384487072441e+00,1.946388549618973951e-01,3.999983748589296173e+00
1.396163469557964998e+00,1.956699697431419083e-01,3.999984252178773403e+00
1.398665554628857333e+00,1.967036795981034480e-01,3.999984741948987566e+00
1.401167639699749667e+00,1.977399833584832511e-01,3.999985218072073856e+00
1.403669724770642224e+00,1.987788798565068571e-01,3.999985680725299808e+00
1.406171809841534559e+00,1.998203679249236087e-01,3.999986130091063075e+00
1.408673894912426894e+00,2.008644463970073457e-01,3.999986566356892759e+00
1.411175979983319451e+00,2.019111141065560999e-01,3.999986989715446306e+00
1.413678065054211785e+00,2.029603698878918172e-01,3.999987400364513501e+00
1.416180150125104120e+00,2.040122125758608296e-01,3.999987798507014247e+00
1.418682235195996677e+00,2.050666410058337719e-01,3.999988184350998122e+00
1.421184320266889012e+00,2.061236540137050821e-01,3.999988558109645265e+00
1.423686405337781347e+00,2.071832504358936677e-01,3.999988920001267267e+00
1.426188490408673903e+00,2.082454291093427112e-01,3.999989270249304951e+00
1.428690575479566238e+00,2.093101888715191705e-01,3.999989609082330144e+00
1.431192660550458573e+00,2.103775285604145562e-01,3.999989936734045237e+00
1.433694745621351130e+00,2.114474470145445428e-01,3.999990253443283184e+00
1.436196830692243465e+00,2.125199430729486638e-01,3.999990559454006611e+00
1.438698915763135799e+00,2.135950155751909774e-01,3.999990855015309599e+00
1.441201000834028356e+00,2.146726633613596780e-01,3.999991140381415899e+00
1.443703085904920691e+00,2.157528852720668744e-01,3.999991415811679385e+00
1.446205170975813026e+00,2.168356801484491447e-01,3.999991681570586266e+00
1.448707256046705583e+00,2.179210468321672589e-01,3.999991937927751096e+00
1.451209341117597917e+00,2.190089841654058733e-01,3.999992185157919877e+00
1.453711426188490252e+00,2.200994909908741137e-01,3.999992423540969622e+00
1.456213511259382809e+00,2.211925661518052422e-01,3.999992653361904793e+00
1.458715596330275144e+00,2.222882084919565182e-01,3.999992874910865304e+00
1.461217681401167479e+00,2.233864168556095875e-01,3.999993088483117187e+00
1.463719766472060035e+00,2.244871900875702875e-01,3.999993294379058373e+00
1.466221851542952370e+00,2.255905270331683976e-01,3.999993492904218240e+00
1.468723936613844705e+00,2.266964265382581112e-01,3.999993684369254954e+00
1.471226021684737262e+00,2.278048874492178688e-01,3.999993869089958132e+00
1.473728106755629597e+00,2.289159086129499143e-01,3.999994047387247509e+00
1.476230191826522153e+00,2.300294888768811274e-01,3.999994219587173827e+00
1.478732276897414488e+00,2.311456270889621911e-01,3.999994386020917947e+00
1.481234361968306823e+00,2.322643220976682021e-01,3.999994547024790403e+00
1.483736447039199380e+00,2.333855727519984768e-01,3.999994702940233182e+00
1.486238532110091715e+00,2.345093779014762458e-01,3.999994854113817944e+00
1.488740617180984049e+00,2.356357363961491536e-01,3.999995000897248243e+00
1.491242702251876606e+00,2.367646470865890640e-01,3.999995143647355977e+00
1.493744787322768941e+00,2.378961088238917554e-01,3.999995282726104495e+00
1.496246872393661276e+00,2.390301204596774198e-01,3.999995418500588151e+00
1.498748957464553833e+00,2.401666808460904967e-01,3.999995551343031863e+00
1.501251042535446167e+00,2.413057888357992842e-01,3.999995681630789335e+00
1.503753127606338502e+00,2.424474432819964942e-01,3.999995809746345721e+00
1.506255212677231059e+00,2.435916430383991416e-01,3.999995936077318071e+00
1.508757297748123394e+00,2.447383869590756267e-01,3.999996060884160265e+00
1.511259382819015729e+00,2.458876738972427811e-01,3.999996183295175811e+00
1.513761467889908285e+00,2.470395027076145722e-01,3.999996303045277202e+00
1.516263552960800620e+00,2.481938722457344704e-01,3.999996420103802297e+00
1.518765638031692955e+00,2.493507813676566209e-01,3.999996534443523988e+00
1.521267723102585512e+00,2.505102289299455109e-01,3.999996646040651971e+00
1.523769808173477847e+00,2.516722137896756917e-01,3.999996754874832749e+00
1.526271893244370181e+00,2.528367348044323615e-01,3.999996860929147857e+00
1.528773978315262738e+00,2.540037908323112270e-01,3.999996964190117410e+00
1.531276063386155073e+00,2.551733807319178648e-01,3.999997064647697886e+00
1.533778148457047408e+00,2.563455033623686097e-01,3.999997162295281239e+00
1.536280233527939965e+00,2.575201575832901657e-01,3.999997257129696226e+00
1.538782318598832299e+00,2.586973422548193291e-01,3.999997349151209747e+00
1.541284403669724634e+00,2.598770562376034876e-01,3.999997438363524171e+00
1.543786488740617191e+00,2.610592983928004540e-01,3.999997524773777346e+00
1.546288573811509526e+00,2.622440675820780775e-01,3.999997608392545700e+00
1.548790658882401861e+00,2.634313626676149100e-01,3.999997689233840248e+00
1.551292743953294417e+00,2.646211825120998729e-01,3.999997767315111474e+00
1.553794829024186752e+00,2.658135259787318128e-01,3.999997842657243563e+00
1.556296914095079087e+00,2.670083919312205012e-01,3.999997915284559280e+00
1.558798999165971644e+00,2.682057792337858015e-01,3.999997985224816865e+00
1.561301084236863979e+00,2.694056867511578357e-01,3.999998052509210922e+00
1.563803169307756313e+00,2.706081133485773726e-01,3.999998117172373302e+00
1.566305254378648870e+00,2.718130578917954399e-01,3.999998179252373109e+00
1.568807339449541205e+00,2.730205192470732123e-01,3.999998238790714922e+00
1.571309424520433540e+00,2.742304962811825120e-01,3.999998295832339679e+00
1.573811509591326097e+00,2.754429878614055860e-01,3.999998350425626459e+00
1.576313594662218431e+00,2.766579928555346068e-01,3.999998402622389815e+00
1.578815679733110766e+00,2.778755101318725051e-01,3.999998452477880218e+00
1.581317764804003323e+00,2.790955385592326365e-01,3.999998500050786721e+00
1.583819849874895658e+00,2.803180770069383376e-01,3.999998545403232963e+00
1.586321934945787993e+00,2.815431243448235921e-01,3.999998588600780725e+00
1.588824020016680549e+00,2.827706794432328086e-01,3.999998629712427700e+00
1.591326105087572884e+00,2.840007411730204878e-01,3.999998668810607061e+00
1.593828190158465219e+00,2.852333084055516665e-01,3.999998705971191892e+00
1.596330275229357776e+00,2.864683800127019175e-01,3.999998741273487202e+00
1.598832360300250111e+00,2.877059548668567390e-01,3.999998774800239243e+00
1.601334445371142667e+00,2.889460318409124984e-01,3.999998806637627080e+00
1.603836530442035002e+00,2.901886098082754328e-01,3.999998836875269692e+00
1.606338615512927337e+00,2.914336876428625378e-01,3.999998865606219312e+00
1.608840700583819894e+00,2.926812642191011227e-01,3.999998892926967198e+00
1.611342785654712229e+00,2.939313384119285333e-01,3.999998918937440529e+00
1.613844870725604563e+00,2.951839090967929291e-01,3.999998943741002844e+00
1.616346955796497120e+00,2.964389751496526171e-01,3.999998967444454490e+00
1.618849040867389455e+00,2.976965354469761071e-01,3.999998990158032175e+00
1.621351125938281790e+00,2.989565888657426118e-01,3.999999011995409415e+00
1.623853211009174347e+00,3.002191342834416021e-01,3.999999033073696975e+00
1.626355296080066681e+00,3.014841705780726411e-01,3.999999053513441094e+00
1.628857381150959016e+00,3.027516966281459943e-01,3.999999073438624375e+00
1.631359466221851573e+00,3.040217113126823523e-01,3.999999092976666670e+00
1.633861551292743908e+00,3.052942135112123312e-01,3.999999112258425971e+00
1.636363636363636243e+00,3.065692021037772497e-01,3.999999131418193965e+00
1.638865721434528799e+00,3.078466759709288514e-01,3.999999150593700481e+00
1.641367806505421134e+00,3.091266339937289720e-01,3.999999169926112152e+00
1.643869891576313469e+00,3.104090750537500387e-01,3.999999189560031976e+00
1.646371976647206026e+00,3.116939980330748483e-01,3.999999209643498865e+00
1.648874061718098361e+00,3.129814018142962340e-01,3.999999230327988986e+00
1.651376146788990695e+00,3.142712852805178425e-01,3.999999251768415753e+00
1.653878231859883252e+00,3.155636473153427546e-01,3.999999274118559711e+00
1.656380316930775587e+00,3.168584868013991085e-01,3.999999296862189802e+00
1.658882402001667922e+00,3.181558026222593982e-01,3.999999319535051168e+00
1.661384487072560479e+00,3.194555936630504300e-01,3.999999342097112720e+00
1.663886572143452813e+00,3.207578588093920602e-01,3.999999364509791100e+00
1.666388657214345148e+00,3.220625969473975281e-01,3.999999386735959117e+00
1.668890742285237705e+00,3.233698069636733452e-01,3.999999408739937312e+00
1.671392827356130040e+00,3.246794877453187400e-01,3.999999430487498842e+00
1.673894912427022375e+00,3.259916381799265461e-01,3.999999451945870366e+00
1.676396997497914931e+00,3.273062571555828693e-01,3.999999473083728940e+00
1.678899082568807266e+00,3.286233435608664766e-01,3.999999493871201128e+00
1.681401167639699601e+00,3.299428962848497959e-01,3.999999514279868773e+00
1.683903252710592158e+00,3.312649142170983607e-01,3.999999534282763669e+00
1.686405337781484493e+00,3.325893962476705878e-01,3.999999553854368894e+00
1.688907422852376827e+00,3.339163412671183329e-01,3.999999572970619699e+00
1.691409507923269384e+00,3.352457481664867789e-01,3.999999591608903060e+00
1.693911592994161719e+00,3.365776158373137705e-01,3.999999609748056351e+00
1.696413678065054054e+00,3.379119431716309241e-01,3.999999627368370891e+00
1.698915763135946611e+00,3.392487290619627394e-01,3.999999644451587066e+00
1.701417848206838945e+00,3.405879724013268217e-01,3.999999660980899652e+00
1.703919933277731280e+00,3.419296720832341041e-01,3.999999676940951598e+00
1.706422018348623837e+00,3.432738270016888471e-01,3.999999692317842026e+00
1.708924103419516172e+00,3.446204360511880282e-01,3.999999707099116897e+00
1.711426188490408506e+00,3.459694981267222302e-01,3.999999721273776121e+00
1.713928273561301063e+00,3.473210121237751968e-01,3.999999734832272669e+00
1.716430358632193398e+00,3.486749769383235553e-01,3.999999747766508573e+00
1.718932443703085733e+00,3.500313914668373161e-01,3.999999760069839372e+00
1.721434528773978290e+00,3.513902546062798171e-01,3.999999771737069665e+00
1.723936613844870624e+00,3.527515652541071689e-01,3.999999782764460221e+00
1.726438698915762959e+00,3.541153223082690871e-01,3.999999793149717764e+00
1.728940783986655516e+00,3.554815246672082818e-01,3.999999802892005629e+00
1.731442869057547851e+00,3.568501712298605688e-01,3.999999811991935772e+00
1.733944954128440408e+00,3.582212608956551469e-01,3.999999820451572763e+00
1.736447039199332742e+00,3.595947925645140986e-01,3.999999828274433344e+00
1.738949124270225077e+00,3.609707651368530001e-01,3.999999835465485543e+00
1.741451209341117634e+00,3.623491775135805892e-01,3.999999842031147335e+00
1.743953294412009969e+00,3.637300285960983759e-01,3.999999847979291090e+00
1.746455379482902304e+00,3.651133172863015863e-01,3.999999853319238685e+00
1.748957464553794861e+00,3.664990424865783858e-01,3.999999858061765501e+00
1.751459549624687195e+00,3.678872030998100451e-01,3.999999862219096425e+00
1.753961634695579530e+00,3.692777980293711071e-01,3.999999865804910293e+00
1.756463719766472087e+00,3.706708261791294423e-01,3.999999868834335448e+00
1.758965804837364422e+00,3.720662864534456937e-01,3.999999871323952849e+00
1.761467889908256756e+00,3.734641777571741095e-01,3.999999873291795183e+00
1.763969974979149313e+00,3.748644989956620432e-01,3.999999874757347307e+00
1.766472060050041648e+00,3.762672490747497323e-01,3.999999875741543587e+00
1.768974145120933983e+00,3.776724269007709078e-01,3.999999876266772336e+00
1.771476230191826540e+00,3.790800313805524624e-01,3.999999876356872708e+00
1.773978315262718874e+00,3.804900614214142829e-01,3.999999876037135582e+00
1.776480400333611209e+00,3.819025159311695283e-01,3.999999875334303123e+00
1.778982485404503766e+00,3.833173938181246854e-01,3.999999874276567891e+00
1.781484570475396101e+00,3.847346939910791797e-01,3.999999872893577724e+00
1.783986655546288436e+00,3.861544153593257089e-01,3.999999871216429081e+00
1.786488740617180992e+00,3.875765568326503541e-01,3.999999869277670594e+00
1.788990825688073327e+00,3.890011173213319684e-01,3.999999867111302621e+00
1.791492910758965662e+00,3.904280957361429549e-01,3.999999864752778134e+00
1.793994995829858219e+00,3.918574909883488777e-01,3.999999862238999615e+00
1.796497080900750554e+00,3.932893019897081288e-01,3.999999859608323938e+00
1.798999165971642888e+00,3.947235276524725944e-01,3.999999856900556150e+00
1.801501251042535445e+00,3.961601668893874328e-01,3.999999854156957912e+00
1.804003336113427780e+00,3.975992186136905748e-01,3.999999851420236840e+00
1.806505421184320115e+00,3.990406817391135008e-01,3.999999848734556718e+00
1.809007506255212672e+00,4.004845551798809078e-01,3.999999846145529503e+00
1.811509591326105006e+00,4.019308378507102653e-01,3.999999843700221991e+00
1.814011676396997341e+00,4.033795286668124813e-01,3.999999841447150484e+00
1.816513761467889898e+00,4.048306265438919582e-01,3.999999839436283899e+00
1.819015846538782233e+00,4.062841303981455932e-01,3.999999837719041107e+00
1.821517931609674568e+00,4.077400391462639995e-01,3.999999836348295368e+00
1.824020016680567124e+00,4.091983517054309516e-01,3.999999835378368562e+00
1.826522101751459459e+00,4.106590669933229965e-01,3.999999834865037407e+00
1.829024186822351794e+00,4.121221839281102306e-01,3.999999834865527681e+00
1.831526271893244351e+00,4.135877014284560227e-01,3.999999835438517337e+00
1.834028356964136686e+00,4.150556184135164584e-01,3.999999836644137829e+00
1.836530442035029020e+00,4.165259338029411174e-01,3.999999838543968789e+00
1.839032527105921577e+00,4.179986465168730181e-01,3.999999841201044681e+00
1.841534612176813912e+00,4.194737554759476739e-01,3.999999844679850369e+00
1.844036697247706247e+00,4.209512596012704999e-01,3.999999849043359035e+00
1.846538782318598804e+00,4.224311578117747601e-01,3.999999853996799803e+00
1.849040867389491138e+00,4.239134490278969047e-01,3.999999859288669413e+00
1.851542952460383473e+00,4.253981321724490394e-01,3.999999864888576617e+00
1.854045037531276030e+00,4.268852061687155031e-01,3.999999870766832277e+00
1.856547122602168365e+00,4.283746699404528124e-01,3.999999876894450246e+00
1.859049207673060922e+00,4.298665224118901063e-01,3.999999883243144261e+00
1.861551292743953256e+00,4.313607625077285901e-01,3.999999889785332829e+00
1.864053377814845591e+00,4.328573891531420914e-01,3.999999896494135676e+00
1.866555462885738148e+00,4.343564012737768376e-01,3.999999903343374186e+00
1.869057547956630483e+00,4.358577977957510119e-01,3.999999910307573181e+00
1.871559633027522818e+00,4.373615776456555304e-01,3.999999917361959145e+00
1.874061718098415374e+00,4.388677397505537092e-01,3.999999924482461111e+00
1.876563803169307709e+00,4.403762830379808757e-01,3.999999931645709328e+00
1.879065888240200044e+00,4.418872064359449237e-01,3.999999938829037482e+00
1.881567973311092601e+00,4.434005088729263133e-01,3.999999946010480922e+00
1.884070058381984936e+00,4.449161892778773497e-01,3.999999953168778433e+00
1.886572143452877270e+00,4.464342465802231263e-01,3.999999960283369127e+00
1.889074228523769827e+00,4.479546797098611366e-01,3.999999967334394668e+00
1.891576313594662162e+00,4.494774875971607186e-01,3.999999974302700601e+00
1.894078398665554497e+00,4.510026691729641657e-01,3.999999981169833685e+00
1.896580483736447054e+00,4.525302233685858933e-01,3.999999987918042788e+00
1.899082568807339388e+00,4.540601491158124392e-01,3.999999994530280212e+00
1.901584653878231723e+00,4.555924453469030744e-01,4.000000000990197258e+00
1.904086738949124280e+00,4.571271109945894140e-01,4.000000007282150882e+00
1.906588824020016615e+00,4.586641449920749736e-01,4.000000013391201037e+00
1.909090909090908950e+00,4.602035462730361681e-01,4.000000019303104892e+00
1.911592994161801506e+00,4.617453137716215905e-01,4.000000025004327497e+00
1.914095079232693841e+00,4.632894464224519004e-01,4.000000030482032010e+00
1.916597164303586176e+00,4.648359431606206016e-01,4.000000035724086800e+00
1.919099249374478733e+00,4.663848029216933200e-01,4.000000040719060124e+00
1.921601334445371068e+00,4.679360246417079150e-01,4.000000045456224562e+00
1.924103419516263402e+00,4.694896072571748125e-01,4.000000049925552581e+00
1.926605504587155959e+00,4.710455497050767826e-01,4.000000054117722748e+00
1.929107589658048294e+00,4.726038509228687734e-01,4.000000058024110849e+00
1.931609674728940629e+00,4.741645098484782439e-01,4.000000061636798776e+00
1.934111759799833186e+00,4.757275254203051640e-01,4.000000064948569189e+00
1.936613844870725520e+00,4.772928965772213483e-01,4.000000067952907301e+00
1.939115929941617855e+00,4.788606222585715111e-01,4.000000070644000871e+00
1.941618015012510412e+00,4.804307014041725998e-01,4.000000073016738433e+00
1.944120100083402747e+00,4.820031329543136289e-01,4.000000075066712846e+00
1.946622185154295082e+00,4.835779158497562902e-01,4.000000076790218628e+00
1.949124270225187638e+00,4.851550490317346198e-01,4.000000078184249297e+00
1.951626355296079973e+00,4.867345314419546654e-01,4.000000079246508022e+00
1.954128440366972308e+00,4.883163620225952628e-01,4.000000079975392531e+00
1.956630525437864865e+00,4.899005397163075926e-01,4.000000080370007538e+00
1.959132610508757200e+00,4.914870634662146798e-01,4.000000080430156757e+00
1.961634695579649534e+00,4.930759322159124491e-01,4.000000080156349114e+00
1.964136780650542091e+00,4.946671449094691697e-01,4.000000079549795196e+00
1.966638865721434426e+00,4.962607004914248998e-01,4.000000078612405474e+00
1.969140950792326761e+00,4.978565979067927083e-01,4.000000077346796523e+00
1.971643035863219318e+00,4.994548361010578974e-01,4.000000075756283024e+00
1.974145120934111652e+00,5.010554140201777251e-01,4.000000073844883985e+00
1.976647206005003987e+00,5.026583306105820714e-01,4.000000071617320963e+00
1.979149291075896544e+00,5.042635848191735493e-01,4.000000069079018949e+00
1.981651376146788879e+00,5.058711755933265053e-01,4.000000066236101937e+00
1.984153461217681214e+00,5.074811018808877972e-01,4.000000063095397351e+00
1.986655546288573770e+00,5.090933626301771264e-01,4.000000059664437835e+00
1.989157631359466105e+00,5.107079567899858175e-01,4.000000055951454137e+00
1.991659716430358662e+00,5.123248833095781496e-01,4.000000051965381331e+00
1.994161801501250997e+00,5.139441411386904690e-01,4.000000047715856155e+00
1.996663886572143332e+00,5.155657292275314107e-01,4.000000043213217893e+00
1.999165971643035888e+00,5.171896465267824539e-01,4.000000038468507491e+00
2.001668056713928223e+00,5.188158919875965891e-01,4.000000033493470220e+00
2.004170141784820558e+00,5.204444645615999843e-01,4.000000028300551236e+00
2.006672226855712893e+00,5.220753632008907630e-01,4.000000022902898245e+00
2.009174311926605228e+00,5.237085868580395598e-01,4.000000017314363276e+00
2.011676396997498006e+00,5.253441344860895201e-01,4.000000011549497358e+00
2.014178482068390341e+00,5.269820050385554122e-01,4.000000005623556731e+00
2.016680567139282676e+00,5.286221974694250703e-01,3.999999999552496632e+00
2.019182652210175011e+00,5.302647107331585064e-01,3.999999993352979732e+00
2.021684737281067346e+00,5.319095437846882435e-01,3.999999987042365479e+00
2.024186822351959680e+00,5.335566955794188715e-01,3.999999980638718533e+00
2.026688907422852459e+00,5.352061650732276021e-01,3.999999974160805660e+00
2.029190992493744794e+00,5.368579512224636030e-01,3.999999967628094399e+00
2.031693077564637129e+00,5.385120529839488857e-01,3.999999961060757059e+00
2.034195162635529464e+00,5.401684693149774175e-01,3.999999954479664499e+00
2.036697247706421798e+00,5.418271991733158988e-01,3.999999947906393682e+00
2.039199332777314133e+00,5.434882415172030967e-01,3.999999941363222344e+00
2.041701417848206912e+00,5.451515953053506225e-01,3.999999934873129437e+00
2.044203502919099247e+00,5.468172594969414879e-01,3.999999928459797349e+00
2.046705587989991582e+00,5.484852330516318819e-01,3.999999922147610132e+00
2.049207673060883916e+00,5.501555149295500602e-01,3.999999915961654828e+00
2.051709758131776251e+00,5.518281040912969004e-01,3.999999909927719699e+00
2.054211843202669030e+00,5.535029994979454582e-01,3.999999904072295998e+00
2.056713928273561365e+00,5.551802001110407447e-01,3.999999898422576639e+00
2.059216013344453700e+00,5.568597048926007265e-01,3.999999893006458862e+00
2.061718098415346034e+00,5.585415128051155476e-01,3.999999887852539349e+00
2.064220183486238369e+00,5.602256228115475301e-01,3.999999882990117328e+00
2.066722268557130704e+00,5.619120338753317290e-01,3.999999878449196800e+00
2.069224353628023483e+00,5.636007449603754882e-01,3.999999874260480759e+00
2.071726438698915818e+00,5.652917550310577743e-01,3.999999870455378304e+00
2.074228523769808152e+00,5.669850630522308421e-01,3.999999867065996195e+00
2.076730608840700487e+00,5.686806679892187910e-01,3.999999864125146409e+00
2.079232693911592822e+00,5.703785688078184535e-01,3.999999861666343914e+00
2.081734778982485157e+00,5.720787644742987288e-01,3.999999859723802675e+00
2.084236864053377936e+00,5.737812539554012492e-01,3.999999858332442759e+00
2.086738949124270270e+00,5.754860362183390476e-01,3.999999857527882341e+00
2.089241034195162605e+00,5.771931102307985562e-01,3.999999857346446142e+00
2.091743119266054940e+00,5.789024749609382736e-01,3.999999857825157878e+00
2.094245204336947275e+00,5.806141293773888767e-01,3.999999859001745151e+00
2.096747289407839610e+00,5.823280724492534421e-01,3.999999860914637217e+00
2.099249374478732388e+00,5.840443031461078904e-01,3.999999863602965444e+00
2.101751459549624723e+00,5.857628204379994319e-01,3.999999867106564189e+00
2.104253544620517058e+00,5.874836232929968594e-01,3.999999871590709688e+00
2.106755629691409393e+00,5.892067106766121221e-01,3.999999877326835929e+00
2.109257714762301728e+00,5.909320815604649502e-01,3.999999884255518001e+00
2.111759799833194062e+00,5.926597349168574169e-01,3.999999892305761584e+00
2.114261884904086841e+00,5.943896697185394595e-01,3.999999901407817582e+00
2.116763969974979176e+00,5.961218849387072138e-01,3.999999911493175908e+00
2.119266055045871511e+00,5.978563795510051238e-01,3.999999922494571258e+00
2.121768140116763846e+00,5.995931525295244979e-01,3.999999934345983110e+00
2.124270225187656180e+00,6.013322028488039539e-01,3.999999946982629506e+00
2.126772310258548515e+00,6.030735294838293070e-01,3.999999960340974159e+00
2.129274395329441294e+00,6.048171314100342366e-01,3.999999974358722898e+00
2.131776480400333629e+00,6.065630076032985096e-01,3.999999988974823673e+00
2.134278565471225964e+00,6.083111570399500900e-01,4.000000004129467435e+00
2.136780650542118298e+00,6.100615786967640286e-01,4.000000019764089032e+00
2.139282735613010633e+00,6.118142715509626850e-01,4.000000035821364541e+00
2.141784820683902968e+00,6.135692345802155057e-01,4.000000052245212601e+00
2.144286905754795747e+00,6.153264667626398010e-01,4.000000068980797074e+00
2.146788990825688082e+00,6.170859670767989691e-01,4.000000085974520836e+00
2.149291075896580416e+00,6.188477345017047160e-01,4.000000103174032873e+00
2.151793160967472751e+00,6.206117680168158346e-01,4.000000120528222958e+00
2.154295246038365086e+00,6.223780666020382046e-01,4.000000137987223425e+00
2.156797331109257421e+00,6.241466292377249037e-01,4.000000155502410948e+00
2.159299416180150200e+00,6.259174549046770952e-01,4.000000173026404759e+00
2.161801501251042534e+00,6.276905425841415864e-01,4.000000190513064879e+00
2.164303586321934869e+00,6.294658912578140475e-01,4.000000207917496553e+00
2.166805671392827204e+00,6.312434999078366804e-01,4.000000225196045811e+00
2.169307756463719539e+00,6.330233675167991070e-01,4.000000242306303022e+00
2.171809841534611873e+00,6.348054930677382579e-01,4.000000259207099340e+00
2.174311926605504652e+00,6.365898755441385948e-01,4.000000275858510257e+00
2.176814011676396987e+00,6.383765139299309999e-01,4.000000292221852938e+00
2.179316096747289322e+00,6.401654072094944414e-01,4.000000308259689774e+00
2.181818181818181657e+00,6.419565543676550856e-01,4.000000323935822166e+00
2.184320266889073991e+00,6.437499543896860743e-01,4.000000339215296741e+00
2.186822351959966770e+00,6.455456062613083024e-01,4.000000354064403574e+00
2.189324437030859105e+00,6.473435089686889743e-01,4.000000368450671751e+00
2.191826522101751440e+00,6.491436614984437137e-01,4.000000382342877359e+00
2.194328607172643775e+00,6.509460628376346758e-01,4.000000395711036383e+00
2.196830692243536109e+00,6.527507119737716579e-01,4.000000408526410034e+00
2.199332777314428444e+00,6.545576078948115439e-01,4.000000420761497644e+00
2.201834862385321223e+00,6.563667495891589709e-01,4.000000432390049099e+00
2.204336947456213558e+00,6.581781360456647745e-01,4.000000443387047966e+00
2.206839032527105893e+00,6.599917662536280982e-01,4.000000453728727479e+00
2.209341117597998227e+00,6.618076392027948396e-01,4.000000463392560768e+00
2.211843202668890562e+00,6.636257538833586489e-01,4.000000472357262638e+00
2.214345287739782897e+00,6.654461092859598192e-01,4.000000480602794894e+00
2.216847372810675676e+00,6.672687044016868407e-01,4.000000488110356578e+00
2.219349457881568011e+00,6.690935382220740690e-01,4.000000494862392841e+00
2.221851542952460346e+00,6.709206097391043899e-01,4.000000500842591400e+00
2.224353628023352680e+00,6.727499179452074429e-01,4.000000506035882530e+00
2.226855713094245015e+00,6.745814618332602874e-01,4.000000510428437295e+00
2.229357798165137350e+00,6.764152403965871807e-01,4.000000514007672869e+00
2.231859883236030129e+00,6.782512526289600219e-01,4.000000516762246328e+00
2.234361968306922464e+00,6.800894975245970198e-01,4.000000518682058193e+00
2.236864053377814798e+00,6.819299740781646912e-01,4.000000519758254214e+00
2.239366138448707133e+00,6.837726812847763069e-01,4.000000519983219149e+00
2.241868223519599468e+00,6.856176181399925573e-01,4.000000519350582096e+00
2.244370308590491803e+00,6.874647836398214418e-01,4.000000517855215598e+00
2.246872393661384582e+00,6.893141767807186016e-01,4.000000515493233877e+00
2.249374478732276916e+00,6.911657965595856545e-01,4.000000512261993713e+00
2.251876563803169251e+00,6.930196419737729707e-01,4.000000508160097112e+00
2.254378648874061586e+00,6.948757120210773408e-01,4.000000503187385092e+00
2.256880733944953921e+00,6.967340056997434194e-01,4.000000497344944783e+00
2.259382819015846255e+00,6.985945220084626150e-01,4.000000490635103212e+00
2.261884904086739034e+00,7.004572599463743110e-01,4.000000483061431744e+00
2.264386989157631369e+00,7.023222185130637563e-01,4.000000474628745195e+00
2.266889074228523704e+00,7.041893967085649519e-01,4.000000465343099165e+00
2.269391159299416039e+00,7.060587935333586529e-01,4.000000455211793593e+00
2.271893244370308373e+00,7.079304079883727008e-01,4.000000444243370090e+00
2.274395329441200708e+00,7.098042390749824682e-01,4.000000432447614607e+00
2.276897414512093487e+00,7.116802857950108585e-01,4.000000419835552989e+00
2.279399499582985822e+00,7.135585471507269739e-01,4.000000406419456311e+00
2.281901584653878157e+00,7.154390221448483356e-01,4.000000392212837319e+00
2.284403669724770491e+00,7.173217097805394404e-01,4.000000377230453097e+00
2.286905754795662826e+00,7.192066090614117613e-01,4.000000361488300626e+00
2.289407839866555161e+00,7.210937189915244128e-01,4.000000345003623003e+00
2.291909924937447940e+00,7.229830385753838184e-01,4.000000327794902333e+00
2.294412010008340275e+00,7.248745668179428225e-01,4.000000309881866833e+00
2.296914095079232609e+00,7.267683027246026883e-01,4.000000291285485510e+00
2.299416180150124944e+00,7.286642453012113219e-01,4.000000272027969928e+00
2.301918265221017279e+00,7.305623935540642711e-01,4.000000252132775991e+00
2.304420350291909614e+00,7.324627464899038376e-01,4.000000231624601277e+00
2.306922435362802393e+00,7.343653031159205202e-01,4.000000210529387701e+00
2.309424520433694727e+00,7.362700624397506832e-01,4.000000188874315299e+00
2.311926605504587062e+00,7.381770234694792210e-01,4.000000166687812886e+00
2.314428690575479397e+00,7.400861852136377816e-01,4.000000143999548285e+00
2.316930775646371732e+00,7.419975466812053222e-01,4.000000120840431883e+00
2.319432860717264511e+00,7.439111068816085526e-01,4.000000097242620178e+00
2.321934945788156845e+00,7.458268648247203814e-01,4.000000073239508680e+00
2.324437030859049180e+00,7.477448195208619142e-01,4.000000048865737234e+00
2.326939115929941515e+00,7.496649699808012324e-01,4.000000024157189138e+00
2.329441201000833850e+00,7.515873152157537262e-01,3.999999999150988472e+00
2.331943286071726185e+00,7.535118542373822059e-01,3.999999973885503213e+00
2.334445371142618963e+00,7.554385860577969014e-01,3.999999948400345229e+00
2.336947456213511298e+00,7.573675096895542413e-01,3.999999922736366731e+00
2.339449541284403633e+00,7.592986241456592955e-01,3.999999896935665156e+00
2.341951626355295968e+00,7.612319284395636654e-01,3.999999871041578281e+00
2.344453711426188303e+00,7.631674215851663723e-01,3.999999845098688223e+00
2.346955796497080637e+00,7.651051025968138575e-01,3.999999819152819658e+00
2.349457881567973416e+00,7.670449704893002041e-01,3.999999793251039826e+00
2.351959966638865751e+00,7.689870242778653608e-01,3.999999767441658527e+00
2.354462051709758086e+00,7.709312629781979176e-01,3.999999741774227680e+00
2.356964136780650421e+00,7.728776856064334400e-01,3.999999716299543984e+00
2.359466221851542755e+00,7.748262911791545804e-01,3.999999691069644481e+00
2.361968306922435090e+00,7.767770787133911892e-01,3.999999666137810550e+00
2.364470391993327869e+00,7.787300472266212026e-01,3.999999641558566577e+00
2.366972477064220204e+00,7.806851957367682004e-01,3.999999617387677286e+00
2.369474562135112539e+00,7.826425232622045147e-01,3.999999593682153076e+00
2.371976647206004873e+00,7.846020288217493421e-01,3.999999570500245571e+00
2.374478732276897208e+00,7.865637114346688552e-01,3.999999547901448960e+00
2.376980817347789543e+00,7.885275701206769794e-01,3.999999525946501322e+00
2.379482902418682322e+00,7.904936038999346160e-01,3.999999504697382413e+00
2.381984987489574657e+00,7.924618117930497529e-01,3.999999484217314549e+00
2.384487072560466991e+00,7.944321928210779094e-01,3.999999464570764385e+00
2.386989157631359326e+00,7.964047460055220240e-01,3.999999445823439359e+00
2.389491242702251661e+00,7.983794703683321226e-01,3.999999428042291694e+00
2.391993327773143996e+00,8.003563649319054285e-01,3.999999411295513507e+00
2.394495412844036775e+00,8.023354287190871403e-01,3.999999395652543033e+00
2.396997497914929109e+00,8.043166607531682111e-01,3.999999381184058844e+00
2.399499582985821444e+00,8.063000600578883459e-01,3.999999367961983410e+00
2.402001668056713779e+00,8.082856256574338927e-01,3.999999356059481315e+00
2.404503753127606114e+00,8.102733565764385082e-01,3.999999345550959706e+00
2.407005838198498449e+00,8.122632518399832691e-01,3.999999336512068737e+00
2.409507923269391227e+00,8.142553104735968938e-01,3.999999329019702898e+00
2.412010008340283562e+00,8.162495315032540777e-01,3.999999323151996133e+00
2.414512093411175897e+00,8.182459139553781569e-01,3.999999318988328945e+00
2.417014178482068232e+00,8.202444568568391103e-01,3.999999316609320843e+00
2.419516263552960567e+00,8.222451592349544480e-01,3.999999316096836566e+00
2.422018348623852901e+00,8.242480201174886556e-01,3.999999317533983856e+00
2.424520433694745680e+00,8.262530385326543048e-01,3.999999321005109909e+00
2.427022518765638015e+00,8.282602135091097217e-01,3.999999326595809368e+00
2.429524603836530350e+00,8.302695440759616519e-01,3.999999334392916328e+00
2.432026688907422685e+00,8.322810292627640383e-01,3.999999344484507446e+00
2.434528773978315019e+00,8.342946680995180220e-01,3.999999356959905050e+00
2.437030859049207798e+00,8.363104596166721638e-01,3.999999371909671364e+00
2.439532944120100133e+00,8.383284028451212233e-01,3.999999389425613394e+00
2.442035029190992468e+00,8.403484968147550971e-01,3.999999408897755515e+00
2.444537114261884803e+00,8.423707405553753080e-01,3.999999429341231760e+00
2.447039199332777137e+00,8.443951330991836812e-01,3.999999450651555488e+00
2.449541284403669472e+00,8.464216734788204688e-01,3.999999472732046257e+00
2.452043369474562251e+00,8.484503607273522485e-01,3.999999495488458567e+00
2.454545454545454586e+00,8.504811938782712577e-01,3.999999518828983636e+00
2.457047539616346921e+00,8.525141719654970585e-01,3.999999542664251173e+00
2.459549624687239255e+00,8.545492940233754275e-01,3.999999566907328941e+00
2.462051709758131590e+00,8.565865590866782453e-01,3.999999591473719196e+00
2.464553794829023925e+00,8.586259661906042728e-01,3.999999616281362691e+00
2.467055879899916704e+00,8.606675143707785969e-01,3.999999641250638227e+00
2.469557964970809039e+00,8.627112026632518527e-01,3.999999666304358659e+00
2.472060050041701373e+00,8.647570301045021113e-01,3.999999691367777555e+00
2.474562135112593708e+00,8.668049957314336584e-01,3.999999716368583869e+00
2.477064220183486043e+00,8.688550985813767724e-01,3.999999741236903716e+00
2.479566305254378378e+00,8.709073376920887233e-01,3.999999765905299487e+00
2.482068390325271157e+00,8.729617121017531067e-01,3.999999790308772507e+00
2.484570475396163491e+00,8.750182208489789559e-01,3.999999814384759489e+00
2.487072560467055826e+00,8.770768629728028509e-01,3.999999838073135638e+00
2.489574645537948161e+00,8.791376375126873643e-01,3.999999861316212435e+00
2.492076730608840496e+00,8.812005435085217275e-01,3.999999884058738520e+00
2.494578815679732831e+00,8.832655800006210534e-01,3.999999906247900583e+00
2.497080900750625609e+00,8.853327460297277796e-01,3.999999927833320257e+00
2.499582985821517944e+00,8.874020406370094483e-01,3.999999948767057667e+00
2.502085070892410279e+00,8.894734628640609264e-01,3.999999969003610989e+00
2.504587155963302614e+00,8.915470117529034066e-01,3.999999988499915116e+00
2.507089241034194949e+00,8.936226863459844072e-01,4.000000007215338549e+00
2.509591326105087283e+00,8.957004856861777720e-01,4.000000025111693169e+00
2.512093411175980062e+00,8.977804088167842256e-01,4.000000042153223134e+00
2.514595496246872397e+00,8.998624547815297081e-01,4.000000058306610207e+00
2.517097581317764732e+00,9.019466226245677065e-01,4.000000073540975087e+00
2.519599666388657067e+00,9.040329113904778113e-01,4.000000087827875639e+00
2.522101751459549401e+00,9.061213201242660498e-01,4.000000101141303332e+00
2.524603836530441736e+00,9.082118478713647747e-01,4.000000113457692130e+00
2.527105921601334515e+00,9.103044936776329976e-01,4.000000124755907827e+00
2.529608006672226850e+00,9.123992565893553897e-01,4.000000135017257819e+00
2.532110091743119185e+00,9.144961356532437247e-01,4.000000144225483112e+00
2.534612176814011519e+00,9.165951299164361021e-01,4.000000152366762762e+00
2.537114261884903854e+00,9.186962384264970582e-01,4.000000159429714763e+00
2.539616346955796189e+00,9.207994602314172328e-01,4.000000165405392494e+00
2.542118432026688968e+00,9.229047943796144793e-01,4.000000170287287382e+00
2.544620517097581303e+00,9.250122399199315337e-01,4.000000174071325354e+00
2.547122602168473637e+00,9.271217959016389010e-01,4.000000176755873049e+00
2.549624687239365972e+00,9.292334613744330785e-01,4.000000178341731605e+00
2.552126772310258307e+00,9.313472353884371113e-01,4.000000178832142872e+00
2.554628857381150642e+00,9.334631169942000373e-01,4.000000178232778758e+00
2.557130942452043421e+00,9.355811052426981078e-01,4.000000176551756326e+00
2.559633027522935755e+00,9.377011991853326789e-01,4.000000173799624470e+00
2.562135112593828090e+00,9.398233978739326533e-01,4.000000169989371024e+00
2.564637197664720425e+00,9.419477003607530374e-01,4.000000165136420982e+00
2.567139282735612760e+00,9.440741056984752744e-01,4.000000159258636501e+00
2.569641367806505539e+00,9.462026129402073549e-01,4.000000152376316898e+00
2.572143452877397873e+00,9.483332211394828182e-01,4.000000144512195988e+00
2.574645537948290208e+00,9.504659293502625284e-01,4.000000135691448300e+00
2.577147623019182543e+00,9.526007366269336751e-01,4.000000125941685525e+00
2.579649708090074878e+00,9.547376420243096629e-01,4.000000115292952962e+00
2.582151793160967213e+00,9.568766445976301105e-01,4.000000103777735738e+00
2.584653878231859991e+00,9.590177434025619618e-01,4.000000091430956140e+00
2.587155963302752326e+00,9.611609374951968210e-01,4.000000078289970951e+00
2.589658048373644661e+00,9.633062259320543941e-01,4.000000064394577670e+00
2.592160133444536996e+00,9.654536077700800467e-01,4.000000049787009182e+00
2.594662218515429331e+00,9.676030820666456922e-01,4.000000034511934643e+00
2.597164303586321665e+00,9.697546478795495695e-01,4.000000018616461261e+00
2.599666388657214444e+00,9.719083042670169093e-01,4.000000002150133405e+00
2.602168473728106779e+00,9.740640502876980467e-01,3.999999985164932603e+00
2.604670558798999114e+00,9.762218850006707527e-01,3.999999967715276661e+00
2.607172643869891449e+00,9.783818074654392349e-01,3.999999949858020987e+00
2.609674728940783783e+00,9.805438167419336937e-01,3.999999931652458596e+00
2.612176814011676118e+00,9.827079118905108768e-01,3.999999913160319220e+00
2.614678899082568897e+00,9.848740919719545239e-01,3.999999894445770199e+00
2.617180984153461232e+00,9.870423560474732572e-01,3.999999875575413810e+00
2.619683069224353567e+00,9.892127031787036895e-01,3.999999856618292160e+00
2.622185154295245901e+00,9.913851324277080934e-01,3.999999837645882739e+00
2.624687239366138236e+00,9.935596428569752891e-01,3.999999818732101531e+00
2.627189324437030571e+00,9.957362335294206446e-01,3.999999799953300350e+00
2.629691409507923350e+00,9.979149035083861863e-01,3.999999781388269060e+00
2.632193494578815685e+00,1.000095651857639156e+00,3.999999763118233354e+00
2.634695579649708019e+00,1.002278477641374455e+00,3.999999745226856973e+00
2.637197664720600354e+00,1.004463379924212862e+00,3.999999727800241711e+00
2.639699749791492689e+00,1.006650357771201820e+00,3.999999710926924745e+00
2.642201834862385024e+00,1.008839410247814872e+00,3.999999694697879526e+00
2.644703919933277803e+00,1.011030536419952774e+00,3.999999679206520220e+00
2.647206005004170137e+00,1.013223735353941279e+00,3.999999664548695488e+00
2.649708090075062472e+00,1.015419006116533573e+00,3.999999650822690711e+00
2.652210175145954807e+00,1.017616347774908947e+00,3.999999638129229762e+00
2.654712260216847142e+00,1.019815759396673460e+00,3.999999626571472344e+00
2.657214345287739476e+00,1.022017240049859055e+00,3.999999616255017543e+00
2.659716430358632255e+00,1.024220788802924886e+00,3.999999607287898051e+00
2.662218515429524590e+00,1.026426404724754882e+00,3.999999599780586834e+00
2.664720600500416925e+00,1.028634086884661292e+00,3.999999593845993129e+00
2.667222685571309260e+00,1.030843834352381583e+00,3.999999589599462002e+00
2.669724770642201594e+00,1.033055646198080213e+00,3.999999587158776571e+00
2.672226855713093929e+00,1.035269521492347744e+00,3.999999586644156668e+00
2.674728940783986708e+00,1.037485459306201729e+00,3.999999588178260623e+00
2.677231025854879043e+00,1.039703458711084716e+00,3.999999591886182149e+00
2.679733110925771378e+00,1.041923518778866908e+00,3.999999597895452119e+00
2.682235195996663712e+00,1.044145638581845059e+00,3.999999606336040348e+00
2.684737281067556047e+00,1.046369817192710716e+00,3.999999617326236212e+00
2.687239366138448382e+00,1.048596053681952078e+00,3.999999629737165385e+00
2.689741451209341161e+00,1.050824347121459779e+00,3.999999642744683115e+00
2.692243536280233496e+00,1.053054696585256522e+00,3.999999656286584049e+00
2.694745621351125831e+00,1.055287101147773354e+00,3.999999670302202048e+00
2.697247706422018165e+00,1.057521559883848328e+00,3.999999684732404859e+00
2.699749791492910500e+00,1.059758071868727169e+00,3.999999699519599439e+00
2.702251876563803279e+00,1.061996636178063280e+00,3.999999714607729739e+00
2.704753961634695614e+00,1.064237251887915958e+00,3.999999729942275373e+00
2.707256046705587949e+00,1.066479918074753730e+00,3.999999745470253831e+00
2.709758131776480283e+00,1.068724633815451464e+00,3.999999761140220045e+00
2.712260216847372618e+00,1.070971398187291923e+00,3.999999776902265047e+00
2.714762301918264953e+00,1.073220210267965324e+00,3.999999792708018198e+00
2.717264386989157732e+00,1.075471069135569113e+00,3.999999808510643184e+00
2.719766472060050067e+00,1.077723973868607521e+00,3.999999824264844239e+00
2.722268557130942401e+00,1.079978923545993119e+00,3.999999839926859924e+00
2.724770642201834736e+00,1.082235917247045709e+00,3.999999855454467124e+00
2.727272727272727071e+00,1.084494954051491877e+00,3.999999870806979718e+00
2.729774812343619406e+00,1.086756033039466551e+00,3.999999885945248135e+00
2.732276897414512185e+00,1.089019153291511888e+00,3.999999900831660238e+00
2.734778982485404519e+00,1.091284313888576163e+00,3.999999915430140440e+00
2.737281067556296854e+00,1.093551513912016659e+00,3.999999929706150148e+00
2.739783152627189189e+00,1.095820752443597224e+00,3.999999943626688648e+00
2.742285237698081524e+00,1.098092028565489597e+00,3.999999957160291775e+00
2.744787322768973858e+00,1.100365341360272531e+00,3.999999970277031913e+00
2.747289407839866637e+00,1.102640689910932670e+00,3.999999982948518440e+00
2.749791492910758972e+00,1.104918073300863224e+00,3.999999995147899501e+00
2.752293577981651307e+00,1.107197490613865298e+00,4.000000006849858458e+00
2.754795663052543642e+00,1.109478940934147673e+00,4.000000018030615223e+00
2.757297748123435976e+00,1.111762423346326356e+00,4.000000028667928476e+00
2.759799833194328311e+00,1.114047936935424366e+00,4.000000038741093000e+00
2.762301918265221090e+00,1.116335480786873280e+00,4.000000048230941019e+00
2.764804003336113425e+00,1.118625053986509910e+00,4.000000057119841301e+00
2.767306088407005760e+00,1.120916655620580737e+00,4.000000065391700055e+00
2.769808173477898094e+00,1.123210284775738366e+00,4.000000073031960035e+00
2.772310258548790429e+00,1.125505940539043515e+00,4.000000080027601435e+00
2.774812343619682764e+00,1.127803621997963468e+00,4.000000086367141883e+00
2.777314428690575543e+00,1.130103328240374294e+00,4.000000092040633781e+00
2.779816513761467878e+00,1.132405058354557736e+00,4.000000097039669633e+00
2.782318598832360212e+00,1.134708811429203879e+00,4.000000101357377602e+00
2.784820683903252547e+00,1.137014586553410478e+00,4.000000104988422400e+00
2.787322768974144882e+00,1.139322382816682078e+00,4.000000107929006177e+00
2.789824854045037217e+00,1.141632199308931117e+00,4.000000110176868517e+00
2.792326939115929996e+00,1.143944035120477487e+00,4.000000111731285557e+00
2.794829024186822330e+00,1.146257889342047420e+00,4.000000112593069979e+00
2.797331109257714665e+00,1.148573761064775933e+00,4.000000112764573679e+00
2.799833194328607000e+00,1.150891649380204607e+00,4.000000112249682438e+00
2.802335279399499335e+00,1.153211553380283139e+00,4.000000111053821250e+00
2.804837364470391670e+00,1.155533472157367791e+00,4.000000109183950769e+00
2.807339449541284448e+00,1.157857404804223167e+00,4.000000106648570863e+00
2.809841534612176783e+00,1.160183350414019987e+00,4.000000103457715284e+00
2.812343619683069118e+00,1.162511308080337535e+00,4.000000099622956995e+00
2.814845704753961453e+00,1.164841276897162103e+00,4.000000095157406399e+00
2.817347789824853788e+00,1.167173255958887435e+00,4.000000090075708670e+00
2.819849874895746566e+00,1.169507244360314946e+00,4.000000084394048194e+00
2.822351959966638901e+00,1.171843241196652619e+00,4.000000078130145020e+00
2.824854045037531236e+00,1.174181245563516329e+00,4.000000071303257521e+00
2.827356130108423571e+00,1.176521256556929851e+00,4.000000063934178840e+00
2.829858215179315906e+00,1.178863273273323742e+00,4.000000056045242225e+00
2.832360300250208240e+00,1.181207294809536013e+00,4.000000047660315694e+00
2.834862385321101019e+00,1.183553320262812791e+00,4.000000038804803815e+00
2.837364470391993354e+00,1.185901348730806326e+00,4.000000029505651256e+00
2.839866555462885689e+00,1.188251379311577205e+00,4.000000019791335681e+00
2.842368640533778024e+00,1.190603411103593245e+00,4.000000009691875746e+00
2.844870725604670358e+00,1.192957443205729717e+00,3.999999999238823545e+00
2.847372810675562693e+00,1.195313474717269120e+00,3.999999988465270828e+00
2.849874895746455472e+00,1.197671504737902071e+00,3.999999977405845897e+00
2.852376980817347807e+00,1.200031532367725084e+00,3.999999966096712267e+00
2.854879065888240142e+00,1.202393556707243016e+00,3.999999954575572669e+00
2.857381150959132476e+00,1.204757576857368617e+00,3.999999942881665493e+00
2.859883236030024811e+00,1.207123591919421202e+00,3.999999931055767455e+00
2.862385321100917146e+00,1.209491600995127758e+00,3.999999919140190485e+00
2.864887406171809925e+00,1.211861603186623393e+00,3.999999907178785286e+00
2.867389491242702260e+00,1.214233597596449110e+00,3.999999895216937773e+00
2.869891576313594594e+00,1.216607583327554476e+00,3.999999883301573522e+00
2.872393661384486929e+00,1.218983559483296064e+00,3.999999871481152436e+00
2.874895746455379264e+00,1.221361525167437900e+00,3.999999859805673186e+00
2.877397831526271599e+00,1.223741479484151906e+00,3.999999848326670548e+00
2.879899916597164378e+00,1.226123421538017011e+00,3.999999837097216737e+00
2.882402001668056712e+00,1.228507350434018930e+00,3.999999826171919626e+00
2.884904086738949047e+00,1.230893265277551496e+00,3.999999815606928077e+00
2.887406171809841382e+00,1.233281165174415994e+00,3.999999805459922619e+00
2.889908256880733717e+00,1.235671049230820717e+00,3.999999795790125212e+00
2.892410341951626052e+00,1.238062916553382076e+00,3.999999786658292145e+00
2.894912427022518830e+00,1.240456766249123266e+00,3.999999778126718475e+00
2.897414512093411165e+00,1.242852597425474714e+00,3.999999770259234477e+00
2.899916597164303500e+00,1.245250409190274521e+00,3.999999763121208751e+00
2.902418682235195835e+00,1.247650200651768460e+00,3.999999756779547777e+00
2.904920767306088170e+00,1.250051970918609534e+00,3.999999751302692363e+00
2.907422852376980504e+00,1.252455719099858200e+00,3.999999746760621644e+00
2.909924937447873283e+00,1.254861444304982365e+00,3.999999743224853965e+00
2.912427022518765618e+00,1.257269145643856501e+00,3.999999740768441558e+00
2.914929107589657953e+00,1.259678822226763639e+00,3.999999739465974091e+00
2.917431192660550288e+00,1.262090473164393822e+00,3.999999739393580889e+00
2.919933277731442622e+00,1.264504097567844543e+00,3.999999740628924716e+00
2.922435362802334957e+00,1.266919694548620301e+00,3.999999743251207995e+00
2.924937447873227736e+00,1.269337263218633938e+00,3.999999747341169254e+00
2.927439532944120071e+00,1.271756802690204413e+00,3.999999752981083567e+00
2.929941618015012406e+00,1.274178312075993302e+00,3.999999760157001205e+00
2.932443703085904740e+00,1.276601790488175237e+00,3.999999767546013274e+00
2.934945788156797075e+00,1.279027237039881637e+00,3.999999774711132439e+00
2.937447873227689410e+00,1.281454650844932042e+00,3.999999781658237552e+00
2.939949958298582189e+00,1.283884031017542782e+00,3.999999788393127531e+00
2.942452043369474524e+00,1.286315376672325650e+00,3.999999794921522245e+00
2.944954128440366858e+00,1.288748686924289233e+00,3.999999801249059850e+00
2.947456213511259193e+00,1.291183960888838689e+00,3.999999807381300343e+00
2.949958298582151528e+00,1.293621197681775081e+00,3.999999813323722453e+00
2.952460383653044307e+00,1.296060396419296268e+00,3.999999819081725416e+00
2.954962468723936642e+00,1.298501556217995345e+00,3.999999824660628978e+00
2.957464553794828976e+00,1.300944676194862204e+00,3.999999830065672501e+00
2.959966638865721311e+00,1.303389755467283528e+00,3.999999835302015416e+00
2.962468723936613646e+00,1.305836793153041686e+00,3.999999840374736770e+00
2.964970809007505981e+00,1.308285788370315839e+00,3.999999845288836120e+00
2.967472894078398760e+00,1.310736740237681053e+00,3.999999850049234418e+00
2.969974979149291094e+00,1.313189647874108301e+00,3.999999854660769127e+00
2.972477064220183429e+00,1.315644510398965350e+00,3.999999859128202218e+00
2.974979149291075764e+00,1.318101326932016315e+00,3.999999863456212168e+00
2.977481234361968099e+00,1.320560096593421440e+00,3.999999867649398855e+00
2.979983319432860434e+00,1.323020818503737317e+00,3.999999871712282662e+00
2.982485404503753212e+00,1.325483491783917112e+00,3.999999875649302705e+00
2.984987489574645547e+00,1.327948115555309005e+00,3.999999879464819497e+00
2.987489574645537882e+00,1.330414688939658863e+00,3.999999883163112724e+00
2.989991659716430217e+00,1.332883211059108231e+00,3.999999886748383471e+00
2.992493744787322552e+00,1.335353681036195228e+00,3.999999890224751109e+00
2.994995829858214886e+00,1.337826097993854102e+00,3.999999893596255074e+00
2.997497914929107665e+00,1.340300461055415449e+00,3.999999896866857085e+00
3.000000000000000000e+00,1.342776769344605547e+00,3.999999900040436707e+00
